sku,days,action,reason,price,new_price,priceTrace,new_priceTrace
2024_0828_6196_new_7764_1,411,exclude,Over 365 days (manual handling required),10800,10800.0,1,1.0
2024_1212_1419_new_7124_1,305,profit_ignore_down,Rule for 305 days (profit_ignore_down) (Profit Guard Ignored),9103,9012.0,1,1.0
20250201-B0007RBX52-UM-1650-1,254,price_down_1,Rule for 254 days (price_down_1),4554,4508.0,0,0.0
20250201-B000LVNOKQ-UVG-330-1,254,price_down_1,Rule for 254 days (price_down_1),1142,1131.0,0,0.0
20250201-B000RGMGAY-UVG-550-1,254,price_down_1,Rule for 254 days (price_down_1),3031,3001.0,0,0.0
20250201-B0011EZ50E-N-330-1,254,price_down_1,Rule for 254 days (price_down_1),1736,1719.0,0,0.0
20250201-B001L7UT5W-UVG-330-1,254,price_down_1,Rule for 254 days (price_down_1),1507,1492.0,0,0.0
20250201-B00JGFO7YU-UVG-990-1,254,price_down_1,Rule for 254 days (price_down_1),2893,2864.0,0,0.0
20250201-B01B7MZJ8C-N-550-1,254,price_down_1,Rule for 254 days (price_down_1),1507,1492.0,0,0.0
20250329-B005VLND4I-UM-330-1,198,price_down_1,Rule for 198 days (price_down_1),2375,2351.0,1,1.0
2025_0102_3511_new_1430_1,284,profit_ignore_down,Rule for 284 days (profit_ignore_down) (Profit Guard Ignored),2056,2035.0,1,1.0
2025_0102_7727_new_440_2,284,profit_ignore_down,Rule for 284 days (profit_ignore_down) (Profit Guard Ignored),1281,1268.0,1,1.0
2025_0106_2655_new_330_1,280,profit_ignore_down,Rule for 280 days (profit_ignore_down) (Profit Guard Ignored),2329,2306.0,1,1.0
2025_0106_3286_used02_880_1,280,profit_ignore_down,Rule for 280 days (profit_ignore_down) (Profit Guard Ignored),2999,2969.0,1,1.0
2025_0106_7236_new_330_1,280,profit_ignore_down,Rule for 280 days (profit_ignore_down) (Profit Guard Ignored),1000,990.0,1,1.0
2025_0117_1018_used02_550_1,269,price_down_1,Rule for 269 days (price_down_1),1870,1851.0,1,1.0
2025_0117_3426_used02_990_1,269,price_down_1,Rule for 269 days (price_down_1) (Profit Guard Applied),1427,1570.0,1,1.0
2025_0117_7286_new_550_1,269,price_down_1,Rule for 269 days (price_down_1),2980,2950.0,1,1.0
2025_0117_9192_new_770_1,269,price_down_1,Rule for 269 days (price_down_1),2632,2606.0,1,1.0
2025_0125_1544_used02_550_1,261,price_down_1,Rule for 261 days (price_down_1),1880,1861.0,1,1.0
2025_0125_2533_used02_330_1,261,price_down_1,Rule for 261 days (price_down_1),2580,2554.0,1,1.0
2025_0125_3495_new_110_5,261,price_down_1,Rule for 261 days (price_down_1),790,782.0,1,1.0
2025_0125_3678_used02_858_1,261,price_down_1,Rule for 261 days (price_down_1) (Profit Guard Applied),1612,1773.0,1,1.0
2025_0125_4794_new_110_1,261,price_down_1,Rule for 261 days (price_down_1),979,969.0,0,0.0
2025_0125_6867_used02_990_1,261,price_down_1,Rule for 261 days (price_down_1),2271,2248.0,1,1.0
2025_0125_6943_used02_880_1,261,price_down_1,Rule for 261 days (price_down_1),4280,4237.0,1,1.0
2025_0125_8232_used02_550_1,261,price_down_1,Rule for 261 days (price_down_1),2777,2749.0,1,1.0
2025_0125_8243_used02_550_1,261,price_down_1,Rule for 261 days (price_down_1) (Profit Guard Applied),1024,1126.0,1,1.0
2025_0125_8950_new_550_1,261,price_down_1,Rule for 261 days (price_down_1),1571,1555.0,1,1.0
2025_0125_8978_used02_330_1,261,price_down_1,Rule for 261 days (price_down_1),2200,2178.0,1,1.0
25-X4X8-4I49,-1,maintain,Date unknown (maintained),1200,1200.0,1,1.0
250518-N-S-K2-001-OT-1-004,148,price_down_1,Rule for 148 days (price_down_1) (Profit Guard Applied),996,1096.0,1,1.0
250518-N-S-K2-002-OT-1-012,148,price_down_1,Rule for 148 days (price_down_1),5000,4950.0,1,1.0
250518-N-S-K2-009-GA-2-029,148,price_down_1,Rule for 148 days (price_down_1),6980,6910.0,1,1.0
250518-N-S-K2-009-OT-1-030,148,price_down_1,Rule for 148 days (price_down_1),2000,1980.0,1,1.0
250518-N-S-K2-011-OT-1-033,148,price_down_1,Rule for 148 days (price_down_1),1500,1485.0,1,1.0
250518-U-S-K2-001-OT-2-009,148,price_down_1,Rule for 148 days (price_down_1),2400,2376.0,1,1.0
250518-U-S-K2-003-OT-1-024,148,price_down_1,Rule for 148 days (price_down_1),1980,1960.0,1,1.0
250518-U-S-K2-003-OT-1-025,148,price_down_1,Rule for 148 days (price_down_1),2980,2950.0,1,1.0
250518-U-S-K2-007-OT-1-035,148,price_down_1,Rule for 148 days (price_down_1),2000,1980.0,1,1.0
250518-U-S-K2-007-OT-1-037,148,price_down_1,Rule for 148 days (price_down_1),1890,1871.0,1,1.0
250518-U-S-K2-008-OT-1-039,148,price_down_1,Rule for 148 days (price_down_1),5980,5920.0,1,1.0
250518-U-S-K2-011-OT-1-034,148,price_down_1,Rule for 148 days (price_down_1),4480,4435.0,1,1.0
250519-N-L-XX-000-BK-1-005,147,price_down_1,Rule for 147 days (price_down_1),3311,3278.0,1,1.0
250519-N-L-XX-000-BK-1-011,147,price_down_1,Rule for 147 days (price_down_1),8330,8247.0,1,1.0
250519-N-L-XX-000-TO-1-012,147,price_down_1,Rule for 147 days (price_down_1),3500,3465.0,1,1.0
250519-U-L-XX-000-TO-1-002,147,price_down_1,Rule for 147 days (price_down_1),3780,3742.0,1,1.0
250519-U-L-XX-000-TO-1-003,147,price_down_1,Rule for 147 days (price_down_1),1280,1267.0,1,1.0
250524-N-S-K2-012-TO-1-005,142,price_down_1,Rule for 142 days (price_down_1),3500,3465.0,0,0.0
250524-U-S-K2-012-OT-1-003,142,price_down_1,Rule for 142 days (price_down_1),4500,4455.0,0,0.0
250526-1-S-H1-000-00-1-042,140,price_down_1,Rule for 140 days (price_down_1),2254,2231.0,0,0.0
250526-1-S-H1-009-00-1-038,140,price_down_1,Rule for 140 days (price_down_1),2580,2554.0,0,0.0
250526-11-S-H1-000-00-2-040,140,price_down_1,Rule for 140 days (price_down_1),5280,5227.0,0,0.0
250526-11-S-H1-007-00-1-034,140,price_down_1,Rule for 140 days (price_down_1),7514,7439.0,0,0.0
250526-2-S-H1-000-00-1-041,140,price_down_1,Rule for 140 days (price_down_1),6980,6910.0,0,0.0
250526-2-S-H1-001-00-1-002,140,price_down_1,Rule for 140 days (price_down_1),5000,4950.0,0,0.0
250526-2-S-H1-002-00-1-005,140,price_down_1,Rule for 140 days (price_down_1),4500,4455.0,0,0.0
250526-2-S-H1-002-00-1-008,140,price_down_1,Rule for 140 days (price_down_1),2980,2950.0,0,0.0
250526-2-S-H1-004-00-1-020,140,price_down_1,Rule for 140 days (price_down_1),2930,2901.0,0,0.0
250526-2-S-H1-007-00-1-030,140,price_down_1,Rule for 140 days (price_down_1),5780,5722.0,0,0.0
250526-2-S-H1-009-00-1-036,140,price_down_1,Rule for 140 days (price_down_1),2850,2822.0,0,0.0
250528-11-H-Z9-000--1-002,138,price_down_1,Rule for 138 days (price_down_1),2558,2532.0,0,0.0
250528-11-H-Z9-000--1-011,138,price_down_1,Rule for 138 days (price_down_1),2000,1980.0,0,0.0
250528-11-H-Z9-000--1-012,138,price_down_1,Rule for 138 days (price_down_1),3500,3465.0,0,0.0
250602-1-S-C2-001-Z-1-010,133,price_down_1,Rule for 133 days (price_down_1),1980,1960.0,0,0.0
250602-1-S-C2-001-Z-1-017,133,price_down_1,Rule for 133 days (price_down_1),2980,2950.0,0,0.0
250602-1-S-C2-001-Z-1-020,133,price_down_1,Rule for 133 days (price_down_1),7800,7722.0,0,0.0
250602-1-S-C2-001-Z-1-025,133,price_down_1,Rule for 133 days (price_down_1),2650,2624.0,0,0.0
250602-1-S-C2-001-Z-1-030,133,price_down_1,Rule for 133 days (price_down_1),2980,2950.0,0,0.0
250602-1-S-C2-001-Z-1-034,133,price_down_1,Rule for 133 days (price_down_1),5680,5623.0,0,0.0
250602-1-S-C2-001-Z-1-037,133,price_down_1,Rule for 133 days (price_down_1),5200,5148.0,0,0.0
250602-1-S-C2-001-Z-1-040,133,price_down_1,Rule for 133 days (price_down_1),2980,2950.0,0,0.0
250602-11-S-C2-001-Z-1-035,133,price_down_1,Rule for 133 days (price_down_1),2200,2178.0,0,0.0
250602-11-S-C2-001-Z-1-042,133,price_down_1,Rule for 133 days (price_down_1),1980,1960.0,0,0.0
250602-11-S-C2-001-Z-1-043,133,price_down_1,Rule for 133 days (price_down_1),2872,2843.0,0,0.0
250602-2-L-C2-001-Z-1-018,133,price_down_1,Rule for 133 days (price_down_1),3980,3940.0,0,0.0
250602-2-S-C2-001-Z-1-005,133,price_down_1,Rule for 133 days (price_down_1),2400,2376.0,0,0.0
250602-2-S-C2-001-Z-1-011,133,price_down_1,Rule for 133 days (price_down_1),3000,2970.0,0,0.0
250602-2-S-C2-001-Z-1-015,133,price_down_1,Rule for 133 days (price_down_1),5200,5148.0,0,0.0
250602-2-S-C2-001-Z-1-021,133,price_down_1,Rule for 133 days (price_down_1),4000,3960.0,0,0.0
250602-2-S-C2-001-Z-1-022,133,price_down_1,Rule for 133 days (price_down_1),4980,4930.0,0,0.0
250602-2-S-C2-001-Z-1-032,133,price_down_1,Rule for 133 days (price_down_1),2500,2475.0,0,0.0
250602-2-S-C2-001-Z-1-036,133,price_down_1,Rule for 133 days (price_down_1),3880,3841.0,0,0.0
250602-2-S-C2-001-Z-1-044,133,price_down_1,Rule for 133 days (price_down_1),3480,3445.0,0,0.0
250607-UX-L-C2-003-4950-1-013,128,price_down_1,Rule for 128 days (price_down_1),4039,3999.0,0,0.0
250609-UX-L-T1-002-ta6390-1-030,126,price_down_1,Rule for 126 days (price_down_1),12952,12822.0,0,0.0
250609-UX-N-T1-005--1-022,126,price_down_1,Rule for 126 days (price_down_1),2380,2356.0,0,0.0
250609-UX-N-T1-005--1-024,126,price_down_1,Rule for 126 days (price_down_1),1980,1960.0,0,0.0
250609-UX-N-T1-005--1-025,126,price_down_1,Rule for 126 days (price_down_1),2400,2376.0,0,0.0
250609-UX-N-T1-005--1-026,126,price_down_1,Rule for 126 days (price_down_1),2380,2356.0,0,0.0
250609-UX-N-T1-008-ta2800-1-018,126,price_down_1,Rule for 126 days (price_down_1),3980,3940.0,0,0.0
250609-UX-N-T1-012--1-006,126,price_down_1,Rule for 126 days (price_down_1),3980,3940.0,0,0.0
250609-UX-N-T1-012--1-010,126,price_down_1,Rule for 126 days (price_down_1),2100,2079.0,0,0.0
250615-UX-N-C3-001--1-001,120,price_down_1,Rule for 120 days (price_down_1),9221,9129.0,0,0.0
250615-UX-N-C3-001--1-003,120,price_down_1,Rule for 120 days (price_down_1),4197,4155.0,0,0.0
250615-UX-N-C3-002--1-006,120,price_down_1,Rule for 120 days (price_down_1),2200,2178.0,0,0.0
250615-UX-N-C3-002--1-008,120,price_down_1,Rule for 120 days (price_down_1),2980,2950.0,0,0.0
250615-UX-N-C3-002--1-013,120,price_down_1,Rule for 120 days (price_down_1),3980,3940.0,0,0.0
250615-UX-N-C3-002-ta1980-1-010,120,price_down_1,Rule for 120 days (price_down_1),3500,3465.0,0,0.0
250615-UX-N-C3-002-ta2198-1-005,120,price_down_1,Rule for 120 days (price_down_1),3000,2970.0,0,0.0
250615-UX-N-C3-003--1-018,120,price_down_1,Rule for 120 days (price_down_1),1296,1283.0,0,0.0
250615-UX-N-C3-003--1-021,120,price_down_1,Rule for 120 days (price_down_1),2400,2376.0,0,0.0
250615-UX-N-C3-003--3-022,120,price_down_1,Rule for 120 days (price_down_1),2980,2950.0,0,0.0
250615-UX-N-C3-003-ta5480-1-020,120,price_down_1,Rule for 120 days (price_down_1),6741,6674.0,0,0.0
250615-UX-N-C3-004--1-023,120,price_down_1,Rule for 120 days (price_down_1),5480,5425.0,0,0.0
250615-UX-N-C3-004--1-024,120,price_down_1,Rule for 120 days (price_down_1),3800,3762.0,0,0.0
250615-UX-N-C3-004--1-025,120,price_down_1,Rule for 120 days (price_down_1),7980,7900.0,0,0.0
250615-UX-N-C3-005--2-027,120,price_down_1,Rule for 120 days (price_down_1),1800,1782.0,0,0.0
250615-UX-N-C3-005-ta2880-1-026,120,price_down_1,Rule for 120 days (price_down_1),3680,3643.0,0,0.0
250615-UX-N-C3-006--1-028,120,price_down_1,Rule for 120 days (price_down_1),3500,3465.0,0,0.0
250615-UX-N-C3-006--1-030,120,price_down_1,Rule for 120 days (price_down_1),1681,1664.0,0,0.0
250615-UX-N-C3-006--1-031,120,price_down_1,Rule for 120 days (price_down_1),1200,1188.0,0,0.0
250615-UX-N-C3-006-ta2980-1-029,120,price_down_1,Rule for 120 days (price_down_1),3500,3465.0,0,0.0
250621-1-004-NA,114,price_down_1,Rule for 114 days (price_down_1),900,891.0,0,0.0
250621-1-014-TA6000,114,price_down_1,Rule for 114 days (price_down_1),7200,7128.0,0,0.0
250621-1-021-NA,114,price_down_1,Rule for 114 days (price_down_1),3000,2970.0,0,0.0
250621-1-022-TA9500,114,price_down_1,Rule for 114 days (price_down_1),10980,10870.0,0,0.0
250621-1-026-NA,114,price_down_1,Rule for 114 days (price_down_1),1980,1960.0,0,0.0
250621-1-028-NA,114,price_down_1,Rule for 114 days (price_down_1),7600,7524.0,0,0.0
250621-1-029-NA,114,price_down_1,Rule for 114 days (price_down_1),1500,1485.0,0,0.0
250621-1-036-NA,114,price_down_1,Rule for 114 days (price_down_1),4980,4930.0,0,0.0
250621-11-027-NA,114,price_down_1,Rule for 114 days (price_down_1),3980,3940.0,0,0.0
250621-2-002-TA4200,114,price_down_1,Rule for 114 days (price_down_1),6280,6217.0,0,0.0
250621-2-005-NA,114,price_down_1,Rule for 114 days (price_down_1),2200,2178.0,0,0.0
250621-2-006-TA5980,114,price_down_1,Rule for 114 days (price_down_1),8160,8078.0,0,0.0
250621-2-010-NA,114,price_down_1,Rule for 114 days (price_down_1),3350,3316.0,0,0.0
250621-2-011-NA,114,price_down_1,Rule for 114 days (price_down_1),2080,2059.0,0,0.0
250621-2-012-TA3500,114,price_down_1,Rule for 114 days (price_down_1),4500,4455.0,0,0.0
250621-2-013-NA,114,price_down_1,Rule for 114 days (price_down_1),3780,3742.0,0,0.0
250621-2-017-NA,114,price_down_1,Rule for 114 days (price_down_1),3980,3940.0,0,0.0
250621-2-020-NA,114,price_down_1,Rule for 114 days (price_down_1),5886,5827.0,0,0.0
250621-2-024-NA,114,price_down_1,Rule for 114 days (price_down_1),2480,2455.0,0,0.0
250621-2-034-NA,114,price_down_1,Rule for 114 days (price_down_1),1980,1960.0,0,0.0
250621-2-035-NA,114,price_down_1,Rule for 114 days (price_down_1),3480,3445.0,0,0.0
250621-2-038-NA,114,price_down_1,Rule for 114 days (price_down_1),1980,1960.0,0,0.0
250621-2-040-NA,114,price_down_1,Rule for 114 days (price_down_1),3180,3148.0,0,0.0
250621-2-045-NA,114,price_down_1,Rule for 114 days (price_down_1),3500,3465.0,0,0.0
250628-1-006-NA,107,price_down_1,Rule for 107 days (price_down_1),1780,1762.0,0,0.0
250628-1-007-NA,107,price_down_1,Rule for 107 days (price_down_1),1800,1782.0,0,0.0
250628-1-019-NA,107,price_down_1,Rule for 107 days (price_down_1),4900,4851.0,0,0.0
250628-1-024-NA,107,price_down_1,Rule for 107 days (price_down_1),1795,1777.0,0,0.0
250628-1-042-NA,107,price_down_1,Rule for 107 days (price_down_1),8000,7920.0,0,0.0
250628-1-043-NA,107,price_down_1,Rule for 107 days (price_down_1),2500,2475.0,0,0.0
250628-11-015-NA,107,price_down_1,Rule for 107 days (price_down_1),1590,1574.0,0,0.0
250628-11-016-NA,107,price_down_1,Rule for 107 days (price_down_1),6861,6792.0,0,0.0
250628-11-018-NA,107,price_down_1,Rule for 107 days (price_down_1),3920,3881.0,0,0.0
250628-11-047-NA,107,price_down_1,Rule for 107 days (price_down_1),11000,10890.0,0,0.0
250628-2-003-NA,107,price_down_1,Rule for 107 days (price_down_1),7000,6930.0,0,0.0
250628-2-008-NA,107,price_down_1,Rule for 107 days (price_down_1),3980,3940.0,0,0.0
250628-2-011-NA,107,price_down_1,Rule for 107 days (price_down_1),3500,3465.0,0,0.0
250628-2-012-NA,107,price_down_1,Rule for 107 days (price_down_1),3940,3901.0,0,0.0
250628-2-013-NA,107,price_down_1,Rule for 107 days (price_down_1),3000,2970.0,0,0.0
250628-2-020-NA,107,price_down_1,Rule for 107 days (price_down_1),2261,2238.0,0,0.0
250628-2-029-NA,107,price_down_1,Rule for 107 days (price_down_1),3980,3940.0,0,0.0
250628-2-031-NA,107,price_down_1,Rule for 107 days (price_down_1),2380,2356.0,0,0.0
250628-2-034-NA,107,price_down_1,Rule for 107 days (price_down_1),4455,4410.0,0,0.0
250628-2-036-NA,107,price_down_1,Rule for 107 days (price_down_1),2980,2950.0,0,0.0
250628-2-037-NA,107,price_down_1,Rule for 107 days (price_down_1),2500,2475.0,0,0.0
250628-2-039-NA,107,price_down_1,Rule for 107 days (price_down_1),4444,4400.0,0,0.0
250628-2-040-NA,107,price_down_1,Rule for 107 days (price_down_1),3790,3752.0,0,0.0
250628-2-041-NA,107,price_down_1,Rule for 107 days (price_down_1),7879,7800.0,0,0.0
250628-2-045-NA,107,price_down_1,Rule for 107 days (price_down_1),7960,7880.0,0,0.0
250628-2-048-NA,107,price_down_1,Rule for 107 days (price_down_1),2480,2455.0,0,0.0
250628-2-050-NA,107,price_down_1,Rule for 107 days (price_down_1),4380,4336.0,0,0.0
250628-2-052-NA,107,price_down_1,Rule for 107 days (price_down_1),2280,2257.0,0,0.0
250702-1-012,103,price_down_1,Rule for 103 days (price_down_1),1400,1386.0,0,0.0
250702-11-001,103,price_down_1,Rule for 103 days (price_down_1),6600,6534.0,0,0.0
250702-2-006,103,price_down_1,Rule for 103 days (price_down_1),5980,5920.0,0,0.0
250702-2-007-Q4,103,price_down_1,Rule for 103 days (price_down_1),6680,6613.0,0,0.0
250702-2-014-Q4,103,price_down_1,Rule for 103 days (price_down_1),3280,3247.0,0,0.0
250702-2-019,103,price_down_1,Rule for 103 days (price_down_1),3280,3247.0,0,0.0
250702-2-021-Q4,103,price_down_1,Rule for 103 days (price_down_1),3980,3940.0,0,0.0
250705-1-001,100,price_down_1,Rule for 100 days (price_down_1),3890,3851.0,0,0.0
250705-1-002,100,price_down_1,Rule for 100 days (price_down_1),3170,3138.0,0,0.0
250705-1-008-Q4,100,price_down_1,Rule for 100 days (price_down_1),4300,4257.0,0,0.0
250705-1-025,100,price_down_1,Rule for 100 days (price_down_1),2580,2554.0,0,0.0
250705-11-005,100,price_down_1,Rule for 100 days (price_down_1),2180,2158.0,0,0.0
250705-11-040,100,price_down_1,Rule for 100 days (price_down_1),1400,1386.0,0,0.0
250705-11-046,100,price_down_1,Rule for 100 days (price_down_1),2980,2950.0,0,0.0
250705-2-007,100,price_down_1,Rule for 100 days (price_down_1),3416,3382.0,0,0.0
250705-2-014,100,price_down_1,Rule for 100 days (price_down_1),3500,3465.0,0,0.0
250705-2-016-Q4,100,price_down_1,Rule for 100 days (price_down_1),3880,3841.0,0,0.0
250705-2-020,100,price_down_1,Rule for 100 days (price_down_1),3300,3267.0,0,0.0
250705-2-024,100,price_down_1,Rule for 100 days (price_down_1),2376,2352.0,0,0.0
250705-2-027-Q4,100,price_down_1,Rule for 100 days (price_down_1),7200,7128.0,0,0.0
250705-2-031,100,price_down_1,Rule for 100 days (price_down_1),3214,3182.0,0,0.0
250705-2-032-Q4,100,price_down_1,Rule for 100 days (price_down_1),7900,7821.0,0,0.0
250705-2-037,100,price_down_1,Rule for 100 days (price_down_1),4980,4930.0,0,0.0
250705-2-039-Q4,100,price_down_1,Rule for 100 days (price_down_1),3126,3095.0,0,0.0
250705-2-045,100,price_down_1,Rule for 100 days (price_down_1),2800,2772.0,0,0.0
250705-2-047-Q4,100,price_down_1,Rule for 100 days (price_down_1),6580,6514.0,0,0.0
250713-1-006,92,price_down_1,Rule for 92 days (price_down_1),3500,3465.0,0,0.0
250713-1-020,92,price_down_1,Rule for 92 days (price_down_1),4000,3960.0,0,0.0
250713-1-022,92,price_down_1,Rule for 92 days (price_down_1),1790,1772.0,0,0.0
250713-11-021,92,price_down_1,Rule for 92 days (price_down_1),5800,5742.0,0,0.0
250713-11-023,92,price_down_1,Rule for 92 days (price_down_1),4500,4455.0,0,0.0
250713-2-001,92,price_down_1,Rule for 92 days (price_down_1),3000,2970.0,0,0.0
250713-2-002,92,price_down_1,Rule for 92 days (price_down_1),6500,6435.0,0,0.0
250713-2-004,92,price_down_1,Rule for 92 days (price_down_1),4200,4158.0,0,0.0
250713-2-005,92,price_down_1,Rule for 92 days (price_down_1),3500,3465.0,0,0.0
250713-2-010,92,price_down_1,Rule for 92 days (price_down_1),8980,8890.0,0,0.0
250713-2-012,92,price_down_1,Rule for 92 days (price_down_1),4980,4930.0,0,0.0
250713-2-013,92,price_down_1,Rule for 92 days (price_down_1),4980,4930.0,0,0.0
250713-2-014,92,price_down_1,Rule for 92 days (price_down_1),9800,9702.0,0,0.0
250713-2-018,92,price_down_1,Rule for 92 days (price_down_1),11000,10890.0,0,0.0
250713-2-019,92,price_down_1,Rule for 92 days (price_down_1),6279,6216.0,0,0.0
250713-2-026,92,price_down_1,Rule for 92 days (price_down_1),3980,3940.0,0,0.0
250713-2-027,92,price_down_1,Rule for 92 days (price_down_1),2860,2831.0,0,0.0
250713-2-028,92,price_down_1,Rule for 92 days (price_down_1),3214,3182.0,0,0.0
250713-2-029,92,price_down_1,Rule for 92 days (price_down_1),2950,2920.0,0,0.0
250713-2-033,92,price_down_1,Rule for 92 days (price_down_1),3500,3465.0,0,0.0
250713-2-035,92,price_down_1,Rule for 92 days (price_down_1),5000,4950.0,0,0.0
250720-1-012-Q4,85,priceTrace,Rule for 85 days (priceTrace),8711,8711.0,0,1.0
250720-1-013,85,priceTrace,Rule for 85 days (priceTrace),2980,2980.0,0,1.0
250720-11-022,85,priceTrace,Rule for 85 days (priceTrace),2900,2900.0,0,1.0
250720-11-025,85,priceTrace,Rule for 85 days (priceTrace),2980,2980.0,0,1.0
250720-2-011-Q4,85,priceTrace,Rule for 85 days (priceTrace),2280,2280.0,0,1.0
250720-2-017,85,priceTrace,Rule for 85 days (priceTrace),3940,3940.0,0,1.0
250720-2-018-Q4,85,priceTrace,Rule for 85 days (priceTrace),12000,12000.0,0,1.0
250720-2-023-Q4,85,priceTrace,Rule for 85 days (priceTrace),6500,6500.0,0,1.0
250720-2-024-Q4,85,priceTrace,Rule for 85 days (priceTrace),3580,3580.0,0,1.0
250720-2-026-Q4,85,priceTrace,Rule for 85 days (priceTrace),5800,5800.0,0,1.0
250720-2-027-Q4,85,priceTrace,Rule for 85 days (priceTrace),5980,5980.0,0,1.0
250727-1-002,78,priceTrace,Rule for 78 days (priceTrace),4000,4000.0,0,1.0
250727-1-005,78,priceTrace,Rule for 78 days (priceTrace),1980,1980.0,0,1.0
250727-2-001,78,priceTrace,Rule for 78 days (priceTrace),3380,3380.0,0,1.0
250727-2-007,78,priceTrace,Rule for 78 days (priceTrace),2480,2480.0,0,1.0
250727-2-008,78,priceTrace,Rule for 78 days (priceTrace),8500,8500.0,0,1.0
250727-2-009-Q4,78,priceTrace,Rule for 78 days (priceTrace),5980,5980.0,0,1.0
250727-2-010-Q4,78,priceTrace,Rule for 78 days (priceTrace),3980,3980.0,0,1.0
250727-2-011-Q4,78,priceTrace,Rule for 78 days (priceTrace),6500,6500.0,0,1.0
250727-2-015-Q4,78,priceTrace,Rule for 78 days (priceTrace),3180,3180.0,0,1.0
250727-2-019-Q4,78,priceTrace,Rule for 78 days (priceTrace),4500,4500.0,0,1.0
250727-2-020,78,priceTrace,Rule for 78 days (priceTrace),5000,5000.0,0,1.0
250727-2-021,78,priceTrace,Rule for 78 days (priceTrace),3980,3980.0,0,1.0
250727-2-024-Q4,78,priceTrace,Rule for 78 days (priceTrace),7800,7800.0,0,1.0
250727-2-028-Q4,78,priceTrace,Rule for 78 days (priceTrace),5500,5500.0,0,1.0
250727-2-029-Q4,78,priceTrace,Rule for 78 days (priceTrace),10000,10000.0,0,1.0
250727-2-030-Q4,78,priceTrace,Rule for 78 days (priceTrace),5920,5920.0,0,1.0
250727-2-031-Q4,78,priceTrace,Rule for 78 days (priceTrace),9181,9181.0,0,1.0
250727-2-033,78,priceTrace,Rule for 78 days (priceTrace),2800,2800.0,0,1.0
250727-2-036-Q4,78,priceTrace,Rule for 78 days (priceTrace),4680,4680.0,0,1.0
250727-2-039-Q4,78,priceTrace,Rule for 78 days (priceTrace),4580,4580.0,0,1.0
250727-2-043-Q4,78,priceTrace,Rule for 78 days (priceTrace),5480,5480.0,0,1.0
250727-3-012,78,priceTrace,Rule for 78 days (priceTrace),2100,2100.0,0,1.0
250805-2-001,69,priceTrace,Rule for 69 days (priceTrace),3580,3580.0,0,1.0
250805-2-002-Q4,69,priceTrace,Rule for 69 days (priceTrace),10145,10145.0,0,1.0
250805-2-003,69,priceTrace,Rule for 69 days (priceTrace),8580,8580.0,0,1.0
250805-2-004,69,priceTrace,Rule for 69 days (priceTrace),6754,6754.0,0,1.0
250805-2-005-Q4,69,priceTrace,Rule for 69 days (priceTrace),4980,4980.0,0,1.0
250805-2-007-Q4,69,priceTrace,Rule for 69 days (priceTrace),12980,12980.0,0,1.0
250805-2-008,69,priceTrace,Rule for 69 days (priceTrace),4800,4800.0,0,1.0
250805-2-010-Q3,69,priceTrace,Rule for 69 days (priceTrace),5080,5080.0,0,1.0
250805-2-012-Q4,69,priceTrace,Rule for 69 days (priceTrace),13000,13000.0,0,1.0
250805-2-014-Q4,69,priceTrace,Rule for 69 days (priceTrace),10200,10200.0,0,1.0
250805-2-018,69,priceTrace,Rule for 69 days (priceTrace),1980,1980.0,0,1.0
250805-2-019,69,priceTrace,Rule for 69 days (priceTrace),2500,2500.0,0,1.0
250805-2-023-Q4,69,priceTrace,Rule for 69 days (priceTrace),9600,9600.0,0,1.0
250805-2-024-Q4,69,priceTrace,Rule for 69 days (priceTrace),3880,3880.0,0,1.0
250805-2-025,69,priceTrace,Rule for 69 days (priceTrace),3500,3500.0,0,1.0
250805-2-026-Q4,69,priceTrace,Rule for 69 days (priceTrace),5500,5500.0,0,1.0
250805-2-027,69,priceTrace,Rule for 69 days (priceTrace),5980,5980.0,0,1.0
250805-2-028-Q4,69,priceTrace,Rule for 69 days (priceTrace),3861,3861.0,0,1.0
250805-2-029,69,priceTrace,Rule for 69 days (priceTrace),3940,3940.0,0,1.0
250810-1-001,64,priceTrace,Rule for 64 days (priceTrace),2350,2350.0,0,1.0
250810-1-005,64,priceTrace,Rule for 64 days (priceTrace),2500,2500.0,0,1.0
250810-1-010,64,priceTrace,Rule for 64 days (priceTrace),4776,4776.0,0,1.0
250810-1-025,64,priceTrace,Rule for 64 days (priceTrace),1480,1480.0,0,1.0
250810-1-045,64,priceTrace,Rule for 64 days (priceTrace),2500,2500.0,0,1.0
250810-1-054,64,priceTrace,Rule for 64 days (priceTrace),3267,3267.0,0,1.0
250810-11-006,64,priceTrace,Rule for 64 days (priceTrace),4358,4358.0,0,1.0
250810-11-009,64,priceTrace,Rule for 64 days (priceTrace),2455,2455.0,0,1.0
250810-11-011,64,priceTrace,Rule for 64 days (priceTrace),1500,1500.0,0,1.0
250810-11-048,64,priceTrace,Rule for 64 days (priceTrace),1782,1782.0,0,1.0
250810-11-055,64,priceTrace,Rule for 64 days (priceTrace),4980,4980.0,0,1.0
250810-11-056,64,priceTrace,Rule for 64 days (priceTrace),2600,2600.0,0,1.0
250810-2-002,64,priceTrace,Rule for 64 days (priceTrace),6500,6500.0,0,1.0
250810-2-003,64,priceTrace,Rule for 64 days (priceTrace),4500,4500.0,0,1.0
250810-2-013,64,priceTrace,Rule for 64 days (priceTrace),2000,2000.0,0,1.0
250810-2-014-Q4,64,priceTrace,Rule for 64 days (priceTrace),2944,2944.0,0,1.0
250810-2-015-Q4,64,priceTrace,Rule for 64 days (priceTrace),4500,4500.0,0,1.0
250810-2-016-Q4,64,priceTrace,Rule for 64 days (priceTrace),3149,3149.0,0,1.0
250810-2-024,64,priceTrace,Rule for 64 days (priceTrace),3980,3980.0,0,1.0
250810-2-026,64,priceTrace,Rule for 64 days (priceTrace),1400,1400.0,0,1.0
250810-2-027,64,priceTrace,Rule for 64 days (priceTrace),1700,1700.0,0,1.0
250810-2-030,64,priceTrace,Rule for 64 days (priceTrace),2980,2980.0,0,1.0
250810-2-032,64,priceTrace,Rule for 64 days (priceTrace),7980,7980.0,0,1.0
250810-2-035,64,priceTrace,Rule for 64 days (priceTrace),2970,2970.0,0,1.0
250810-2-036,64,priceTrace,Rule for 64 days (priceTrace),3200,3200.0,0,1.0
250810-2-038-Q4,64,priceTrace,Rule for 64 days (priceTrace),6480,6480.0,0,1.0
250810-2-040-Q4,64,priceTrace,Rule for 64 days (priceTrace),3980,3980.0,0,1.0
250810-2-042-Q4,64,priceTrace,Rule for 64 days (priceTrace),9980,9980.0,0,1.0
250810-2-043-Q4,64,priceTrace,Rule for 64 days (priceTrace),4290,4290.0,0,1.0
250810-2-053-Q4,64,priceTrace,Rule for 64 days (priceTrace),3762,3762.0,0,1.0
250816-1-016,58,priceTrace,Rule for 58 days (priceTrace),1980,1980.0,0,1.0
250816-1-019,58,priceTrace,Rule for 58 days (priceTrace),3850,3850.0,0,1.0
250816-11-002,58,priceTrace,Rule for 58 days (priceTrace),1477,1477.0,0,1.0
250816-11-014,58,priceTrace,Rule for 58 days (priceTrace),4074,4074.0,0,1.0
250816-11-018,58,priceTrace,Rule for 58 days (priceTrace),1300,1300.0,0,1.0
250816-2-003,58,priceTrace,Rule for 58 days (priceTrace),2980,2980.0,0,1.0
250816-2-004,58,priceTrace,Rule for 58 days (priceTrace),2500,2500.0,0,1.0
250816-2-005,58,priceTrace,Rule for 58 days (priceTrace),4500,4500.0,0,1.0
250816-2-006,58,priceTrace,Rule for 58 days (priceTrace),4801,4801.0,0,1.0
250816-2-007,58,priceTrace,Rule for 58 days (priceTrace),2600,2600.0,0,1.0
250816-2-009,58,priceTrace,Rule for 58 days (priceTrace),12000,12000.0,0,1.0
250816-2-012,58,priceTrace,Rule for 58 days (priceTrace),3300,3300.0,0,1.0
250816-2-015,58,priceTrace,Rule for 58 days (priceTrace),2000,2000.0,0,1.0
250816-2-020-Q4,58,priceTrace,Rule for 58 days (priceTrace),8800,8800.0,0,1.0
250816-2-021-Q4,58,priceTrace,Rule for 58 days (priceTrace),7824,7824.0,0,1.0
250816-2-022,58,priceTrace,Rule for 58 days (priceTrace),3980,3980.0,0,1.0
250816-2-023,58,priceTrace,Rule for 58 days (priceTrace),9800,9800.0,0,1.0
250816-2-024,58,priceTrace,Rule for 58 days (priceTrace),2200,2200.0,0,1.0
250816-2-026,58,priceTrace,Rule for 58 days (priceTrace),8800,8800.0,0,1.0
250816-2-029-Q4,58,priceTrace,Rule for 58 days (priceTrace),2300,2300.0,0,1.0
250816-2-030,58,priceTrace,Rule for 58 days (priceTrace),2178,2178.0,0,1.0
250816-2-032,58,priceTrace,Rule for 58 days (priceTrace),3800,3800.0,0,1.0
250816-2-033,58,priceTrace,Rule for 58 days (priceTrace),4199,4199.0,0,1.0
250816-3-025,58,priceTrace,Rule for 58 days (priceTrace),5400,5400.0,0,1.0
250830-1-018,44,priceTrace,Rule for 44 days (priceTrace),9200,9200.0,0,1.0
250830-1-027,44,priceTrace,Rule for 44 days (priceTrace),8800,8800.0,0,1.0
250830-2-008-Q4,44,priceTrace,Rule for 44 days (priceTrace),3680,3680.0,0,1.0
250830-2-009,44,priceTrace,Rule for 44 days (priceTrace),3500,3500.0,0,1.0
250830-2-012-Q4,44,priceTrace,Rule for 44 days (priceTrace),3000,3000.0,0,1.0
250830-2-013-Q4,44,priceTrace,Rule for 44 days (priceTrace),3980,3980.0,0,1.0
250830-2-014-Q4,44,priceTrace,Rule for 44 days (priceTrace),5780,5780.0,0,1.0
250830-2-017-Q4,44,priceTrace,Rule for 44 days (priceTrace),6980,6980.0,0,1.0
250830-2-020-Q4,44,priceTrace,Rule for 44 days (priceTrace),5980,5980.0,0,1.0
250830-2-021-Q4,44,priceTrace,Rule for 44 days (priceTrace),4580,4580.0,0,1.0
250830-2-025-Q4,44,priceTrace,Rule for 44 days (priceTrace),7980,7980.0,0,1.0
250830-2-026-Q4,44,priceTrace,Rule for 44 days (priceTrace),4500,4500.0,0,1.0
250830-2-031-Q4,44,priceTrace,Rule for 44 days (priceTrace),6500,6500.0,0,1.0
250830-2-032-Q4,44,priceTrace,Rule for 44 days (priceTrace),5500,5500.0,0,1.0
250830-2-033,44,priceTrace,Rule for 44 days (priceTrace),2980,2980.0,0,1.0
250830-2-038-Q4,44,priceTrace,Rule for 44 days (priceTrace),3280,3280.0,0,1.0
250830-3-016-Q4,44,priceTrace,Rule for 44 days (priceTrace),6600,6600.0,0,1.0
250830-3-037-Q4,44,priceTrace,Rule for 44 days (priceTrace),3800,3800.0,0,1.0
H7-52W7-PVS3,-1,maintain,Date unknown (maintained),1400,1400.0,1,1.0
LI-QJS7-OQ47,-1,maintain,Date unknown (maintained),1830,1830.0,1,1.0
pr_1331646_F_20250209_25802520_0001,246,price_down_1,Rule for 246 days (price_down_1),1522,1507.0,0,0.0
pr_1331646_F_20250209_25802888_0009,246,price_down_1,Rule for 246 days (price_down_1),1772,1754.0,0,0.0
pr_1331646_F_20250209_25802888_0011,246,price_down_1,Rule for 246 days (price_down_1),753,745.0,0,0.0
pr_1331646_F_20250209_25802888_0016,246,price_down_1,Rule for 246 days (price_down_1),1538,1523.0,0,0.0
pr_1331646_F_20250209_25802888_0018,246,price_down_1,Rule for 246 days (price_down_1),1999,1979.0,0,0.0
pr_1331646_F_20250209_25802888_0021,246,price_down_1,Rule for 246 days (price_down_1),3062,3031.0,0,0.0
pr_1331646_F_20250212_25857040_0001,243,price_down_1,Rule for 243 days (price_down_1),917,908.0,0,0.0
pr_1331646_F_20250217_25963823_0002,238,price_down_1,Rule for 238 days (price_down_1),661,654.0,0,0.0
pr_1331646_F_20250217_25963823_0006,238,price_down_1,Rule for 238 days (price_down_1),2237,2215.0,0,0.0
pr_1331646_F_20250217_25963823_0007,238,price_down_1,Rule for 238 days (price_down_1),1538,1523.0,0,0.0
pr_1331646_F_20250217_25963823_0008,238,price_down_1,Rule for 238 days (price_down_1),3869,3830.0,0,0.0
pr_1331646_F_20250217_25963823_0009,238,price_down_1,Rule for 238 days (price_down_1),3884,3845.0,0,0.0
pr_1331646_F_20250217_25963823_0012,238,price_down_1,Rule for 238 days (price_down_1),4506,4461.0,0,0.0
pr_1331646_F_20250217_25963823_0013,238,price_down_1,Rule for 238 days (price_down_1),2454,2429.0,1,1.0
pr_1331646_F_20250217_25963823_0015,238,price_down_1,Rule for 238 days (price_down_1),1398,1384.0,0,0.0
pr_1331646_F_20250217_25963823_0016,238,price_down_1,Rule for 238 days (price_down_1),3480,3445.0,0,0.0
pr_1331646_F_20250217_25963823_0026,238,price_down_1,Rule for 238 days (price_down_1),1865,1846.0,0,0.0
pr_1331646_F_20250217_25963823_0028,238,price_down_1,Rule for 238 days (price_down_1),1907,1888.0,0,0.0
pr_1331646_F_20250217_25963823_0029,238,price_down_1,Rule for 238 days (price_down_1),2796,2768.0,0,0.0
pr_1331646_F_20250217_25963823_0036,238,price_down_1,Rule for 238 days (price_down_1),2606,2580.0,0,0.0
pr_1331646_F_20250217_25963823_0051,238,price_down_1,Rule for 238 days (price_down_1),1538,1523.0,0,0.0
pr_1331646_F_20250217_25963823_0058,238,price_down_1,Rule for 238 days (price_down_1),994,984.0,0,0.0
pr_1331646_F_20250217_25963823_0068,238,price_down_1,Rule for 238 days (price_down_1),3061,3030.0,0,0.0
pr_1331646_F_20250221_26181405_0001,234,price_down_1,Rule for 234 days (price_down_1),1962,1942.0,0,0.0
pr_1331646_F_20250221_26181405_0002,234,price_down_1,Rule for 234 days (price_down_1),3830,3792.0,0,0.0
pr_1331646_F_20250221_26181405_0007,234,price_down_1,Rule for 234 days (price_down_1),3123,3092.0,0,0.0
pr_1331646_F_20250221_26181405_0008,234,price_down_1,Rule for 234 days (price_down_1) (Profit Guard Applied),3224,3223.0,0,0.0
pr_1331646_F_20250224_26226479_0001,231,price_down_1,Rule for 231 days (price_down_1),3924,3885.0,0,0.0
pr_1331646_F_20250224_26226479_0017,231,price_down_1,Rule for 231 days (price_down_1),2823,2795.0,0,0.0
pr_1331646_F_20250224_26226479_0020,231,price_down_1,Rule for 231 days (price_down_1),1106,1095.0,0,0.0
pr_1331646_F_20250224_26226479_0024,231,price_down_1,Rule for 231 days (price_down_1),1962,1942.0,0,0.0
pr_1331646_F_20250224_26226479_0028,231,price_down_1,Rule for 231 days (price_down_1),3296,3263.0,0,0.0
pr_1331646_F_20250224_26226479_0030,231,price_down_1,Rule for 231 days (price_down_1),1554,1538.0,0,0.0
pr_1331646_F_20250224_26226479_0035,231,price_down_1,Rule for 231 days (price_down_1),3532,3497.0,0,0.0
pr_1331646_F_20250224_26226479_0037,231,price_down_1,Rule for 231 days (price_down_1),1906,1887.0,0,0.0
pr_1331646_F_20250224_26226479_0046,231,price_down_1,Rule for 231 days (price_down_1),3908,3869.0,0,0.0
pr_1331646_F_20250224_26226479_0050,231,price_down_1,Rule for 231 days (price_down_1),2181,2159.0,0,0.0
pr_1331646_F_20250301_26344881_0012,226,price_down_1,Rule for 226 days (price_down_1),1585,1569.0,0,0.0
pr_1331646_F_20250301_26344881_0014,226,price_down_1,Rule for 226 days (price_down_1),1966,1946.0,0,0.0
pr_1331646_F_20250301_26344881_0016,226,price_down_1,Rule for 226 days (price_down_1),3591,3555.0,0,0.0
pr_1331646_F_20250301_26344881_0018,226,price_down_1,Rule for 226 days (price_down_1),5945,5886.0,0,0.0
pr_1331646_F_20250301_26344881_0020,226,price_down_1,Rule for 226 days (price_down_1),3408,3374.0,0,0.0
pr_1331646_F_20250301_26344881_0023,226,price_down_1,Rule for 226 days (price_down_1),1109,1098.0,0,0.0
pr_1331646_F_20250301_26344881_0028,226,price_down_1,Rule for 226 days (price_down_1),2219,2197.0,0,0.0
pr_1331646_F_20250301_26344881_0031,226,price_down_1,Rule for 226 days (price_down_1),1902,1883.0,0,0.0
pr_1331646_F_20250301_26344881_0033,226,price_down_1,Rule for 226 days (price_down_1),2600,2574.0,0,0.0
pr_1331646_F_20250302_26363368_0003,225,price_down_1,Rule for 225 days (price_down_1),1981,1961.0,0,0.0
pr_1331646_F_20250302_26363368_0004,225,price_down_1,Rule for 225 days (price_down_1),5390,5336.0,0,0.0
pr_1331646_F_20250302_26364609_0002,225,price_down_1,Rule for 225 days (price_down_1),1220,1208.0,0,0.0
pr_1331646_F_20250302_26364609_0007,225,price_down_1,Rule for 225 days (price_down_1),2457,2432.0,0,0.0
pr_1331646_F_20250302_26364609_0021,225,price_down_1,Rule for 225 days (price_down_1) (Profit Guard Applied),3419,3419.0,0,0.0
pr_1331646_F_20250302_26364609_0025,225,price_down_1,Rule for 225 days (price_down_1),1886,1867.0,0,0.0
pr_1331646_F_20250302_26364609_0026,225,price_down_1,Rule for 225 days (price_down_1),1788,1770.0,0,0.0
pr_1331646_F_20250309_26565606_0002,218,price_down_1,Rule for 218 days (price_down_1),2988,2958.0,1,1.0
pr_1331646_F_20250309_26565606_0006,218,price_down_1,Rule for 218 days (price_down_1),1862,1843.0,1,1.0
pr_1331646_F_20250309_26565606_0007,218,price_down_1,Rule for 218 days (price_down_1),1494,1479.0,1,1.0
pr_1331646_F_20250309_26565606_0008,218,price_down_1,Rule for 218 days (price_down_1),2606,2580.0,1,1.0
pr_1331646_F_20250309_26565606_0011,218,price_down_1,Rule for 218 days (price_down_1),2069,2048.0,1,1.0
pr_1331646_F_20250309_26565606_0013,218,price_down_1,Rule for 218 days (price_down_1),1522,1507.0,1,1.0
pr_1331646_F_20250309_26565606_0022,218,price_down_1,Rule for 218 days (price_down_1),2380,2356.0,1,1.0
pr_1331646_F_20250309_26565606_0024,218,price_down_1,Rule for 218 days (price_down_1),2802,2774.0,1,1.0
pr_1331646_F_20250309_26565606_0027,218,price_down_1,Rule for 218 days (price_down_1),1881,1862.0,1,1.0
pr_1331646_F_20250309_26565606_0034,218,price_down_1,Rule for 218 days (price_down_1),9980,9880.0,1,1.0
pr_1331646_F_20250310_26585163_0008,217,price_down_1,Rule for 217 days (price_down_1),2780,2752.0,1,1.0
pr_1331646_F_20250310_26585163_0009,217,price_down_1,Rule for 217 days (price_down_1),2950,2920.0,1,1.0
pr_1331646_F_20250310_26585163_0010,217,price_down_1,Rule for 217 days (price_down_1),5436,5382.0,1,1.0
pr_1331646_F_20250310_26585163_0011,217,price_down_1,Rule for 217 days (price_down_1),2445,2421.0,1,1.0
pr_1331646_F_20250315_26849515_0009,212,price_down_1,Rule for 212 days (price_down_1),5681,5624.0,1,1.0
pr_1331646_F_20250315_26849515_0020,212,price_down_1,Rule for 212 days (price_down_1),4731,4684.0,1,1.0
pr_1331646_F_20250316_26869404_0004,211,price_down_1,Rule for 211 days (price_down_1),3280,3247.0,1,1.0
pr_1331646_F_20250316_26869404_0005,211,price_down_1,Rule for 211 days (price_down_1),7600,7524.0,1,1.0
pr_1331646_F_20250316_26869404_0015,211,price_down_1,Rule for 211 days (price_down_1),4731,4684.0,1,1.0
pr_1331646_F_20250316_26869404_0018,211,price_down_1,Rule for 211 days (price_down_1),4275,4232.0,1,1.0
pr_1331646_F_20250316_26869404_0023,211,price_down_1,Rule for 211 days (price_down_1) (Profit Guard Applied),1540,1662.0,1,1.0
pr_1331646_F_20250323_27036800_0006,204,price_down_1,Rule for 204 days (price_down_1),2380,2356.0,1,1.0
pr_1331646_F_20250323_27036800_0012,204,price_down_1,Rule for 204 days (price_down_1),2185,2163.0,1,1.0
pr_1331646_F_20250323_27036800_0014,204,price_down_1,Rule for 204 days (price_down_1),7790,7712.0,1,1.0
pr_1331646_F_20250323_27036800_0016,204,price_down_1,Rule for 204 days (price_down_1),3980,3940.0,1,1.0
pr_1331646_F_20250323_27036800_0021,204,price_down_1,Rule for 204 days (price_down_1) (Profit Guard Applied),6472,7119.0,1,1.0
pr_1331646_F_20250323_27036800_0024,204,price_down_1,Rule for 204 days (price_down_1),2641,2615.0,1,1.0
pr_1331646_F_20250323_27036800_0026,204,price_down_1,Rule for 204 days (price_down_1),9025,8935.0,1,1.0
pr_1331646_F_20250323_27036800_0029,204,price_down_1,Rule for 204 days (price_down_1),1520,1505.0,1,1.0
pr_1331646_F_20250323_27036800_0034,204,price_down_1,Rule for 204 days (price_down_1),2280,2257.0,1,1.0
pr_1331646_F_20250323_27036800_0037,204,price_down_1,Rule for 204 days (price_down_1),2425,2401.0,1,1.0
pr_1331646_F_20250323_27036800_0048,204,price_down_1,Rule for 204 days (price_down_1),2050,2030.0,1,1.0
pr_1331646_F_20250323_27036800_0053,204,price_down_1,Rule for 204 days (price_down_1),6631,6565.0,1,1.0
pr_1331646_F_20250323_27036800_0058,204,price_down_1,Rule for 204 days (price_down_1),6712,6645.0,1,1.0
pr_1331646_F_20250323_27036800_0062,204,price_down_1,Rule for 204 days (price_down_1),4702,4655.0,1,1.0
pr_1331646_F_20250323_27036800_0064,204,price_down_1,Rule for 204 days (price_down_1),5480,5425.0,1,1.0
pr_1331646_F_20250323_27036800_0066,204,price_down_1,Rule for 204 days (price_down_1),4490,4445.0,1,1.0
pr_1331646_F_20250323_27036800_0070,204,price_down_1,Rule for 204 days (price_down_1),5510,5455.0,1,1.0
pr_1331646_F_20250323_27036800_0071,204,price_down_1,Rule for 204 days (price_down_1),2422,2398.0,1,1.0
pr_1331646_F_20250330_27244858_0011,197,price_down_1,Rule for 197 days (price_down_1),2831,2803.0,1,1.0
pr_1331646_F_20250330_27244858_0012,197,price_down_1,Rule for 197 days (price_down_1),1600,1584.0,1,1.0
pr_1331646_F_20250330_27244858_0013,197,price_down_1,Rule for 197 days (price_down_1),2356,2332.0,1,1.0
pr_1331646_F_20250330_27244858_0017,197,price_down_1,Rule for 197 days (price_down_1),3781,3743.0,1,1.0
pr_1331646_F_20250330_27244858_0019,197,price_down_1,Rule for 197 days (price_down_1),4731,4684.0,1,1.0
pr_1331646_F_20250330_27244858_0025,197,price_down_1,Rule for 197 days (price_down_1),2980,2950.0,1,1.0
pr_1331646_F_20250330_27244858_0028,197,price_down_1,Rule for 197 days (price_down_1),3800,3762.0,1,1.0
pr_1331646_F_20250330_27244858_0029,197,price_down_1,Rule for 197 days (price_down_1),3999,3959.0,1,1.0
pr_1331646_F_20250330_27244858_0032,197,price_down_1,Rule for 197 days (price_down_1),1680,1663.0,1,1.0
pr_1331646_F_20250330_27244858_0033,197,price_down_1,Rule for 197 days (price_down_1),4750,4702.0,1,1.0
pr_1331646_F_20250330_27244858_0034,197,price_down_1,Rule for 197 days (price_down_1),2831,2803.0,1,1.0
pr_1331646_F_20250330_27244858_0035,197,price_down_1,Rule for 197 days (price_down_1),2831,2803.0,1,1.0
pr_1331646_F_20250330_27245988_0003,197,price_down_1,Rule for 197 days (price_down_1),1633,1617.0,1,1.0
pr_1331646_F_20250330_27245988_0004,197,price_down_1,Rule for 197 days (price_down_1),1589,1573.0,1,1.0
pr_1331646_F_20250330_27245988_0005,197,price_down_1,Rule for 197 days (price_down_1),3610,3574.0,1,1.0
pr_1331646_F_20250330_27245988_0007,197,price_down_1,Rule for 197 days (price_down_1),3500,3465.0,1,1.0
pr_1331646_F_20250330_27245988_0009,197,price_down_1,Rule for 197 days (price_down_1) (Profit Guard Applied),2297,2527.0,1,1.0
pr_1331646_F_20250330_27245988_0014,197,price_down_1,Rule for 197 days (price_down_1),1425,1411.0,1,1.0
pr_1331646_F_20250330_27245988_0023,197,price_down_1,Rule for 197 days (price_down_1),2700,2673.0,1,1.0
pr_1331646_F_20250405_27417661_0009,191,price_down_1,Rule for 191 days (price_down_1),1980,1960.0,1,1.0
pr_1331646_F_20250405_27417661_0013,191,price_down_1,Rule for 191 days (price_down_1),1940,1921.0,1,1.0
pr_1331646_F_20250405_27417661_0020,191,price_down_1,Rule for 191 days (price_down_1),5000,4950.0,1,1.0
pr_1331646_F_20250405_27417661_0021,191,price_down_1,Rule for 191 days (price_down_1),5800,5742.0,1,1.0
pr_1331646_F_20250405_27417661_0022,191,price_down_1,Rule for 191 days (price_down_1),2300,2277.0,1,1.0
pr_1331646_F_20250405_27417661_0023,191,price_down_1,Rule for 191 days (price_down_1),2000,1980.0,1,1.0
pr_1331646_F_20250405_27417866_0013,191,price_down_1,Rule for 191 days (price_down_1),4200,4158.0,1,1.0
pr_1331646_F_20250406_27430907_0003,190,price_down_1,Rule for 190 days (price_down_1),2600,2574.0,1,1.0
pr_1331646_F_20250406_27430907_0006,190,price_down_1,Rule for 190 days (price_down_1),2970,2940.0,1,1.0
pr_1331646_F_20250406_27436769_0001,190,price_down_1,Rule for 190 days (price_down_1),2400,2376.0,1,1.0
pr_1331646_F_20250412_27586434_0001,184,price_down_1,Rule for 184 days (price_down_1),10673,10566.0,1,1.0
pr_1331646_F_20250412_27586434_0004,184,price_down_1,Rule for 184 days (price_down_1),7100,7029.0,1,1.0
pr_1331646_F_20250412_27586592_0001,184,price_down_1,Rule for 184 days (price_down_1),4780,4732.0,1,1.0
pr_1331646_F_20250414_27641953_0005,182,price_down_1,Rule for 182 days (price_down_1),2190,2168.0,1,1.0
pr_1331646_F_20250414_27641953_0006,182,price_down_1,Rule for 182 days (price_down_1),2000,1980.0,1,1.0
pr_1331646_F_20250414_27641953_0007,182,price_down_1,Rule for 182 days (price_down_1),2800,2772.0,1,1.0
pr_1331646_F_20250414_27641953_0012,182,price_down_1,Rule for 182 days (price_down_1),3920,3881.0,1,1.0
pr_1331646_F_20250414_27642683_0002,182,price_down_1,Rule for 182 days (price_down_1),2280,2257.0,1,1.0
pr_1331646_F_20250415_27664101_0006,181,price_down_1,Rule for 181 days (price_down_1),5200,5148.0,1,1.0
pr_1331646_F_20250415_27664101_0008,181,price_down_1,Rule for 181 days (price_down_1),2980,2950.0,1,1.0
pr_1331646_F_20250415_27664179_0008,181,price_down_1,Rule for 181 days (price_down_1),2375,2351.0,1,1.0
pr_1331646_F_20250420_27775938_0006,176,price_down_1,Rule for 176 days (price_down_1) (Profit Guard Applied),1280,1373.0,1,1.0
pr_1331646_F_20250420_27775938_0016,176,price_down_1,Rule for 176 days (price_down_1),4262,4219.0,1,1.0
pr_1331646_F_20250420_27775979_0004,176,price_down_1,Rule for 176 days (price_down_1),4000,3960.0,1,1.0
pr_1331646_F_20250420_27776095_0004,176,price_down_1,Rule for 176 days (price_down_1),3500,3465.0,1,1.0
pr_1331646_F_20250420_27776095_0006,176,price_down_1,Rule for 176 days (price_down_1),2280,2257.0,1,1.0
pr_1331646_F_20250420_27776095_0007,176,price_down_1,Rule for 176 days (price_down_1),1437,1423.0,1,1.0
pr_1331646_F_20250420_27776095_0010,176,price_down_1,Rule for 176 days (price_down_1),1480,1465.0,1,1.0
pr_1331646_F_20250420_27776095_0012,176,price_down_1,Rule for 176 days (price_down_1),2180,2158.0,1,1.0
pr_1331646_F_20250420_27776095_0013,176,price_down_1,Rule for 176 days (price_down_1),2920,2891.0,1,1.0
pr_1331646_F_20250428_28056273_0007,168,price_down_1,Rule for 168 days (price_down_1),4200,4158.0,1,1.0
pr_1331646_F_20250428_28056273_0011,168,price_down_1,Rule for 168 days (price_down_1) (Profit Guard Applied),1864,2050.0,1,1.0
pr_1331646_F_20250428_28056273_0013,168,price_down_1,Rule for 168 days (price_down_1),4500,4455.0,1,1.0
pr_1331646_F_20250428_28056273_0014,168,price_down_1,Rule for 168 days (price_down_1),5980,5920.0,1,1.0
pr_1331646_F_20250428_28056273_0018,168,price_down_1,Rule for 168 days (price_down_1),4000,3960.0,1,1.0
pr_1331646_F_20250428_28056273_0019,168,price_down_1,Rule for 168 days (price_down_1),1850,1832.0,1,1.0
pr_1331646_F_20250428_28056273_0020,168,price_down_1,Rule for 168 days (price_down_1),4680,4633.0,1,1.0
pr_1331646_F_20250428_28056273_0021,168,price_down_1,Rule for 168 days (price_down_1),2480,2455.0,1,1.0
pr_1331646_F_20250428_28056273_0023,168,price_down_1,Rule for 168 days (price_down_1),4500,4455.0,1,1.0
pr_1331646_F_20250428_28056273_0025,168,price_down_1,Rule for 168 days (price_down_1),2280,2257.0,1,1.0
pr_1331646_F_20250428_28056273_0028,168,price_down_1,Rule for 168 days (price_down_1),1980,1960.0,1,1.0
pr_1331646_F_20250428_28056273_0031,168,price_down_1,Rule for 168 days (price_down_1),5000,4950.0,1,1.0
pr_1331646_F_20250428_28056273_0033,168,price_down_1,Rule for 168 days (price_down_1),13800,13662.0,1,1.0
pr_1331646_F_20250428_28056273_0034,168,price_down_1,Rule for 168 days (price_down_1),4607,4561.0,1,1.0
pr_1331646_F_20250428_28056273_0035,168,price_down_1,Rule for 168 days (price_down_1),4780,4732.0,1,1.0
pr_1331646_F_20250428_28056273_0044,168,price_down_1,Rule for 168 days (price_down_1),3980,3940.0,1,1.0
pr_1331646_F_20250428_28056273_0046,168,price_down_1,Rule for 168 days (price_down_1),4980,4930.0,1,1.0
pr_1331646_F_20250429_28078064_0013,167,price_down_1,Rule for 167 days (price_down_1) (Profit Guard Applied),1962,2158.0,1,1.0
pr_1331646_F_20250429_28078064_0017,167,price_down_1,Rule for 167 days (price_down_1),3200,3168.0,1,1.0
pr_1331646_F_20250429_28078064_0018,167,price_down_1,Rule for 167 days (price_down_1),3742,3705.0,1,1.0
pr_1331646_F_20250429_28078064_0021,167,price_down_1,Rule for 167 days (price_down_1),1180,1168.0,1,1.0
pr_1331646_F_20250503_28209120_0001,163,price_down_1,Rule for 163 days (price_down_1) (Profit Guard Applied),14271,15698.0,1,1.0
pr_1331646_F_20250503_28209120_0002,163,price_down_1,Rule for 163 days (price_down_1) (Profit Guard Applied),14512,15963.0,1,1.0
pr_1331646_F_20250503_28214156_0001,163,price_down_1,Rule for 163 days (price_down_1),8000,7920.0,1,1.0
pr_1331646_F_20250503_28214156_0002,163,price_down_1,Rule for 163 days (price_down_1),1180,1168.0,1,1.0
pr_1331646_F_20250503_28214156_0004,163,price_down_1,Rule for 163 days (price_down_1),760,752.0,1,1.0
pr_1331646_F_20250505_28236813_0006,161,price_down_1,Rule for 161 days (price_down_1),8000,7920.0,1,1.0
pr_1331646_F_20250505_28236813_0009,161,price_down_1,Rule for 161 days (price_down_1),1980,1960.0,1,1.0
pr_1331646_F_20250505_28236813_0010,161,price_down_1,Rule for 161 days (price_down_1),4200,4158.0,1,1.0
pr_1331646_F_20250505_28236813_0012,161,price_down_1,Rule for 161 days (price_down_1),1980,1960.0,1,1.0
pr_1331646_F_20250505_28236813_0014,161,price_down_1,Rule for 161 days (price_down_1),4300,4257.0,1,1.0
pr_1331646_F_20250505_28236813_0016,161,price_down_1,Rule for 161 days (price_down_1),2980,2950.0,1,1.0
pr_1331646_F_20250505_28236813_0018,161,price_down_1,Rule for 161 days (price_down_1),3200,3168.0,1,1.0
pr_1331646_F_20250505_28236813_0023,161,price_down_1,Rule for 161 days (price_down_1),1980,1960.0,1,1.0
pr_1331646_F_20250505_28236813_0024,161,price_down_1,Rule for 161 days (price_down_1),4000,3960.0,1,1.0
pr_1331646_F_20250505_28236813_0040,161,price_down_1,Rule for 161 days (price_down_1),2980,2950.0,1,1.0
pr_1331646_F_20250505_28236813_0045,161,price_down_1,Rule for 161 days (price_down_1),2980,2950.0,1,1.0
pr_1331646_F_20250505_28236813_0047,161,price_down_1,Rule for 161 days (price_down_1),2980,2950.0,1,1.0
pr_1331646_F_20250505_28236813_0049,161,price_down_1,Rule for 161 days (price_down_1),2600,2574.0,1,1.0
pr_1331646_F_20250505_28236813_0050,161,price_down_1,Rule for 161 days (price_down_1),2480,2455.0,1,1.0
pr_1331646_F_20250505_28236813_0051,161,price_down_1,Rule for 161 days (price_down_1),13662,13525.0,1,1.0
pr_1331646_F_20250505_28236813_0055,161,price_down_1,Rule for 161 days (price_down_1),4000,3960.0,1,1.0
pr_1331646_F_20250505_28236813_0056,161,price_down_1,Rule for 161 days (price_down_1),1180,1168.0,1,1.0
pr_1331646_F_20250505_28236813_0059,161,price_down_1,Rule for 161 days (price_down_1) (Profit Guard Applied),2480,2719.0,1,1.0
pr_1331646_F_20250511_28375072_0004,155,price_down_1,Rule for 155 days (price_down_1),1980,1960.0,1,1.0
pr_1331646_F_20250511_28375072_0014,155,price_down_1,Rule for 155 days (price_down_1),2300,2277.0,1,1.0
pr_1331646_F_20250511_28375072_0015,155,price_down_1,Rule for 155 days (price_down_1),4400,4356.0,1,1.0
pr_1331646_F_20250511_28375072_0026,155,price_down_1,Rule for 155 days (price_down_1),3200,3168.0,1,1.0
pr_1331646_F_20250511_28375072_0029,155,price_down_1,Rule for 155 days (price_down_1),2980,2950.0,1,1.0
pr_1331646_F_20250518_28556530_0002,148,price_down_1,Rule for 148 days (price_down_1),2270,2247.0,1,1.0
pr_1331646_F_20250518_28556530_0009,148,price_down_1,Rule for 148 days (price_down_1),1485,1470.0,1,1.0
pr_1331646_F_20250810_31403807_0003,64,priceTrace,Rule for 64 days (priceTrace),8800,8800.0,0,1.0
pr_1331646_F_20250810_31403807_0004,64,priceTrace,Rule for 64 days (priceTrace),3980,3980.0,0,1.0
pr_1331646_F_20250816_31501452_0001,58,priceTrace,Rule for 58 days (priceTrace),8800,8800.0,0,1.0
pr_1331646_F_20250816_31501452_0002,58,priceTrace,Rule for 58 days (priceTrace),1500,1500.0,0,1.0
pr_1331646_F_20250816_31501452_0003,58,priceTrace,Rule for 58 days (priceTrace),2780,2780.0,0,1.0
pr_1331646_F_20250816_31501452_0004,58,priceTrace,Rule for 58 days (priceTrace),4500,4500.0,0,1.0
