SKU,ASIN,title,number,price,cost,akaji,takane,condition,conditionNote,trace,leadtime,amazon-fee,shipping-price,profit,add-delete
="2024_1212_1419_new_7124_1",="B0CN6VTFTR",="NIKE(ナイキ)ウッドサイドチャッカ2WWoodsideChukka2ライトトープ/ミディアムオリーブ/ブラック/ライトボーン537345-200日本国内正規品24.0cm",1,9012.0,7124,9103,0,11,="",1.0,0.0,1715,0,290,nan
="20250201-B0007RBX52-UM-1650-1",="B0007RBX52",="JVCケンウッド ビクター カセットアダプター C-P8",1,4508.0,1650,2830,0,1,="",0.0,0.0,819,0,2085,nan
="20250201-B000LVNOKQ-UVG-330-1",="B000LVNOKQ",="ひらがなあそび KH-150",1,1131.0,330,617,0,2,="",0.0,0.0,610,0,202,nan
="20250201-B000RGMGAY-UVG-550-1",="B000RGMGAY",="OLYMPUS 防水プロテクター μ780用 PT-039",1,3001.0,550,1274,0,2,="",0.0,0.0,798,0,1683,nan
="20250201-B0011EZ50E-N-330-1",="B0011EZ50E",="東和産業 食器棚用 キッチンシート 幅30cm ズレ キズ防止 クリア",1,1719.0,330,747,0,11,="",0.0,0.0,751,0,655,nan
="20250201-B001L7UT5W-UVG-330-1",="B001L7UT5W",="PLANEX ひかりTV・フレッツv6対応 高機能・高速ブロードバンド有線LANルータ BRL-04M",1,1492.0,330,697,0,2,="",0.0,0.0,631,0,546,nan
="20250201-B00JGFO7YU-UVG-990-1",="B00JGFO7YU",="CBジャパン サラダ&デザートメーカー 「5種類のサラダレシピ・5色のデザートレシピ付き」 TOM-04",1,2864.0,990,1733,0,2,="",0.0,0.0,832,0,1071,nan
="20250201-B01B7MZJ8C-N-550-1",="B01B7MZJ8C",="エンスカイ(ENSKY) 108ピース ジグソーパズル おそ松さん 松野家の6つ子たち ラージピース(26x38cm) 108-L553",1,1492.0,550,941,0,11,="",0.0,0.0,621,0,336,nan
="20250329-B005VLND4I-UM-330-1",="B005VLND4I",="佐藤金属興業 SALUS マルチコンティ L 2h ブラウン×ミント",1,2351.0,330,783,0,1,="",1.0,0.0,877,0,1168,nan
="2025_0102_3511_new_1430_1",="B0BD4G4X84",="エレコム(ELECOM) 充電器 Type-C ×1ポート USB PD対応 20W ケーブル付き(USB-C & USB-C/1.5m) 小型 コンパクト 折りたたみ式プラグ採用 【Type-C端子を搭載したiPad/AQUOS/OPPO/Galaxy/Xperia/Pixel、各種対応】 ホワイト MPA-ACCP33WH",1,2035.0,1430,2056,0,11,="",1.0,0.0,545,0,89,nan
="2025_0102_7727_new_440_2",="B004JF4P58",="キングジム ショットノート メモパッド Lサイズ 9102 白",2,1268.0,440,769,0,11,="",1.0,0.0,499,0,342,nan
="2025_0106_2655_new_330_1",="B01HT4VAYY",="北川工業 キタリア 大型テレビ用転倒防止固定具 【SUPERタックフィット】 60型以下対応 日本製 2個入り TF-VCB-TV-2S",1,2306.0,330,863,0,11,="",1.0,0.0,849,0,1265,nan
="2025_0106_3286_used02_880_1",="B00NPPM0IW",="OGK技研 オージーケー技研 チャイルドシート周辺グッズBKF-001(HBCシリーズ用ブランケット)チャコール自転車用",1,2969.0,880,1478,0,2,="",1.0,0.0,815,0,1434,nan
="2025_0106_7236_new_330_1",="B00PVVETHI",="スケーター (skater) 箸箱セット スライド式 16.5cm アナと雪の女王 Frozen 15 ディズニー ABS2A",1,990.0,330,583,0,11,="",1.0,0.0,387,0,283,nan
="2025_0117_1018_used02_550_1",="B000W2SVRK",="オムロン(OMRON) ヘルスケア オムロン(OMRON) ヘルスカウンタ ウォーキングスタイル ブラック HJ-151-K",1,1851.0,550,1008,0,2,="",1.0,0.0,524,0,796,nan
="2025_0117_3426_used02_990_1",="B01LVWLD4H",="バンダイ(BANDAI) 目覚めろ動物の力！変身携帯ジュウオウチェンジャー＆本能覚醒マスクセット",1,1570.0,990,1427,0,2,="",1.0,0.0,671,0,-257,nan
="2025_0117_7286_new_550_1",="B07T146CXS",="HDMI信号をアナログ映像信号へ変換出力 HDMI to コンポジット コンバーター （RS-HD2AV1）",1,2950.0,550,1202,0,11,="",1.0,0.0,646,0,1962,nan
="2025_0117_9192_new_770_1",="B09G99SL2G",="miffy ミッフィー ブック型加湿器 USB充電 卓上(ブラウン)",1,2606.0,770,1414,0,11,="",1.0,0.0,754,0,1108,nan
="2025_0125_1544_used02_550_1",="B01G62OJJS",="SONY リモコン三脚 VCT-570RM",1,1861.0,550,1078,0,2,="",1.0,0.0,919,0,452,nan
="2025_0125_2533_used02_330_1",="B000FHVU3Y",="NEW スタディ将棋",1,2554.0,330,1013,0,2,="",1.0,0.0,798,0,1597,nan
="2025_0125_3495_new_110_5",="B0000A40YM",="EPSON 写真用紙 L判写真サイズ 20枚入り KL20PSK",2,782.0,110,230,0,11,="",1.0,0.0,353,0,360,nan
="2025_0125_3678_used02_858_1",="B07DGPBF22",="ウルトラマンR/B(ルーブ) DXルーブスラッガー",1,1773.0,858,1612,0,2,="",1.0,0.0,691,0,69,nan
="2025_0125_4794_new_110_1",="B006J5PKFK",="日本アンテナ テレビプラグ 1個入 (ブラック) FP-7C(B)-SP",1,969.0,110,0,0,11,="",0.0,0.0,360,0,509,nan
="2025_0125_6867_used02_990_1",="B07CRDX3DN",="BANDAI アンパンマン 磁石でパチッと! ひらめきキューブ アンパンマンごうセット",1,2248.0,990,1680,0,2,="",1.0,0.0,764,0,569,nan
="2025_0125_6943_used02_880_1",="B07RZZK59Q",="ウルトラマンタイガ DXウルトラマンタイガ完全なりきりセット",1,4237.0,880,1474,0,2,="",1.0,0.0,985,0,2657,nan
="2025_0125_8232_used02_550_1",="B0B68LMQNP",="ニチガン DB250 ミッフィーかさねてリングトス",1,2749.0,550,1074,0,2,="",1.0,0.0,791,0,1580,nan
="2025_0125_8243_used02_550_1",="B079HLQTWH",="快盗戦隊ルパンレンジャーVS警察戦隊パトレンジャー VSビークルシリーズ ダブル変形 DXグッドストライカー",1,1126.0,550,1024,0,2,="",1.0,0.0,626,0,-167,nan
="2025_0125_8950_new_550_1",="B00BH0QD3U",="SOZO おしっこブロック/フットボール BCSZ00107",1,1555.0,550,941,0,11,="",1.0,0.0,715,0,306,nan
="2025_0125_8978_used02_330_1",="B07DGQT6NL",="ウルトラマンR/B(ルーブ) DXルーブクリスタルホルダー",1,2178.0,330,700,0,2,="",1.0,0.0,697,0,1290,nan
="25-X4X8-4I49",="B07W1YQ9ZB",="LINE FRIENDS BT21 クリップボードパッドセット Clipboard Pad Set (MANG)",1,1200.0,330,567,0,11,="",1.0,0.0,420,0,450,nan
="250518-N-S-K2-001-OT-1-004",="1411434811",="Phonics (Flash Kids Flash Cards) [カード] Flash Kids",1,1096.0,550,996,0,11,="",1.0,0.0,570,0,-136,nan
="250518-N-S-K2-002-OT-1-012",="B006H07JGU",="954ピース ジグソーパズル しあわせ桜地蔵 (34x102cm)",1,4950.0,330,1200,0,11,="",1.0,0.0,1064,0,3606,nan
="250518-N-S-K2-009-GA-2-029",="B0002YN4RK",="ロード･オブ･ザ･リング ～指輪物語～ (ボードゲーム)",2,6910.0,1430,2752,0,11,="",1.0,0.0,1282,0,4268,nan
="250518-N-S-K2-009-OT-1-030",="B0015QJD9W",="4M グリーティングカードキット 00-04559",1,1980.0,110,456,0,11,="",1.0,0.0,685,0,1205,nan
="250518-N-S-K2-011-OT-1-033",="B07MC2Z2XY",="明邦 SNOOPY スヌーピー 車用 スマートキーケース 透明ウィンドウ ブラウン SN161",1,1485.0,418,719,0,11,="",1.0,0.0,483,0,659,nan
="250518-U-S-K2-001-OT-2-009",="4885740975",="心を癒す大人のスクラッチアート『花曼荼羅 アラビア文様』 ([バラエティ]) Shizu",1,2376.0,330,783,0,1,="",1.0,0.0,868,0,1202,nan
="250518-U-S-K2-003-OT-1-024",="B000X24NH6",="カシムラ 海外用変圧器 ダウントランス 110~130V 120W TI-351",1,1960.0,550,911,0,1,="",1.0,0.0,782,0,713,nan
="250518-U-S-K2-003-OT-1-025",="B077RRY8PB",="くるりんまっきー",1,2950.0,770,1352,0,1,="",1.0,0.0,842,0,1368,nan
="250518-U-S-K2-007-OT-1-035",="B0022SGB92",="マスプロ電工 ２分配器 屋内用 全端子電流通過型 2SPED-P",1,1980.0,55,394,0,2,="",1.0,0.0,654,0,1291,nan
="250518-U-S-K2-007-OT-1-037",="B006VRRG6C",="もじもじべあ moji moji bear",1,1871.0,990,1541,0,2,="",1.0,0.0,722,0,196,nan
="250518-U-S-K2-008-OT-1-039",="B0002YNBM8",="バンカース(復刻版)",1,5920.0,500,1222,0,2,="",1.0,0.0,1172,0,4308,nan
="250518-U-S-K2-011-OT-1-034",="B006LC4HKU",="iwaki(イワキ) 耐熱ガラス レンジスチーマー アレンチン グリーン 700ml KT3850C-G",1,4435.0,1650,2580,0,1,="",1.0,0.0,1224,0,1606,nan
="250519-N-L-XX-000-BK-1-005",="B0002YN9CK",="エポック社 【日本製】 アルミ製 パズルフレーム パネルマックス シルバー (35×49cm) (パネルNo.5-T・ア) 掛ヒモ 点数券付き セルカバーUVカット仕様 パズル Frame 額縁",1,3278.0,880,1530,0,1,="",1.0,0.0,1179,0,1252,nan
="250519-N-L-XX-000-BK-1-011",="B0014BBSVY",="昭和カートン 地球儀 球径26cm 26-GF 行政図タイプ 日本地図付",1,8247.0,550,1999,0,1,="",1.0,0.0,2190,0,5590,nan
="250519-N-L-XX-000-TO-1-012",="B001E3ER1U",="エポック社 木製パズルフレーム ウッディーパネルエクセレント ゴールドライン シャイングリーン (38x53cm)(パネルNo.5-B) 掛ヒモ 点数券付き セルカバーUVカット仕様 パズル Frame 額縁 EPOCH",1,3465.0,330,950,0,1,="",1.0,0.0,1360,0,1810,nan
="250519-U-L-XX-000-TO-1-002",="B09NLTQCBD",="[バンダイ] 暴太郎戦隊ドンブラザーズ DXザングラソード(対象年齢:3歳以上)",1,3742.0,1320,2130,0,2,="",1.0,0.0,1231,0,1352,nan
="250519-U-L-XX-000-TO-1-003",="B01GDV5TD2",="動物戦隊ジュウオウジャー リール超回転 ジュウオウザガンロッド",1,1267.0,319,879,0,2,="",1.0,0.0,956,0,6,nan
="250524-N-S-K2-012-TO-1-005",="B01D8C59A2",="くもん出版 スネークルン 知育玩具 おもちゃ 4歳以上 KUMON",1,3465.0,770,0,0,1,="",0.0,0.0,840,0,1890,nan
="250524-U-S-K2-012-OT-1-003",="B000AQQF7Q",="タジマ(Tajima) シムロン-L 幅13mm 長さ30m 張力20N YSL-30",1,4455.0,1320,0,0,2,="",0.0,0.0,1208,0,1972,nan
="250526-1-S-H1-000-00-1-042",="B001TEWUT0",="ハッピーキッチン かんたんかわいいシュークリーム ふわシュー",1,2231.0,770,0,0,1,="",0.0,0.0,733,0,751,nan
="250526-1-S-H1-009-00-1-038",="B07DN4YK4C",="うちの赤ちゃん世界一(R) 五感を育てるメリー",1,2554.0,330,0,0,1,="",0.0,0.0,769,0,1481,nan
="250526-11-S-H1-000-00-2-040",="B005XIX5LK",="エンスカイ(ENSKY) パズルフレーム ジブリ作品専用 どんぐり 茶 (26x38cm)",2,5227.0,2200,0,0,11,="",0.0,0.0,1396,0,1684,nan
="250526-11-S-H1-007-00-1-034",="B097PY8NFC",="Ugears アクアリウム 70155 木製パズル 接着剤工具不要 立体パズル 大人向け 模型",1,7439.0,3190,0,0,11,="",0.0,0.0,1311,0,3013,nan
="250526-2-S-H1-000-00-1-041",="B07XG3MCTM",="アンパンマンの形どれかな?ぐるぐるおしゃべりパズル 20x34x27cm プラスチック",1,6910.0,1430,0,0,2,="",0.0,0.0,1583,0,3967,nan
="250526-2-S-H1-001-00-1-002",="B01G11V49W",="アイ・オー・データ Windowsタブレット向けポータブルDVDドライブ/USB 3.0に対応 日本メーカー DVRP-UT8TBK",1,4950.0,2178,0,0,2,="",0.0,0.0,1015,0,1807,nan
="250526-2-S-H1-002-00-1-005",="B07STVBPFR",="ゆびわんこ トイプードルとブランコのおうち",1,4455.0,1078,0,0,2,="",0.0,0.0,1009,0,2413,nan
="250526-2-S-H1-002-00-1-008",="B07NBPZ5NX",="BANDAI ウルトラマン 迫力サウンド! 怪獣ぶっ飛び! ベリアルキャッスル",1,2950.0,1078,0,0,2,="",0.0,0.0,931,0,971,nan
="250526-2-S-H1-004-00-1-020",="B003MZQR16",="NEC Aterm WR8170N[HPモデル] PA-WR8170N-HP",1,2901.0,550,0,0,2,="",0.0,0.0,787,0,1593,nan
="250526-2-S-H1-007-00-1-030",="B077SMP29M",="KORG(コルグ) チューナー メトロノーム TM-60 小型/コンパクト/初心者/吹奏楽/ブラスバンド/オーケストラ/個人練習/持ち運び ホワイト TM60WH",1,5722.0,3190,0,0,2,="",0.0,0.0,954,0,1636,nan
="250526-2-S-H1-009-00-1-036",="B06XW8MKD7",="こえだちゃん こえだとママのおりょうり キッチンセット",1,2822.0,550,0,0,2,="",0.0,0.0,779,0,1521,nan
="250528-11-H-Z9-000--1-002",="B0181P6GL2",="コンビ ベビーレーベル 湯温計 ピスタチオ",1,2532.0,330,615,0,11,="",0.0,0.0,740,0,1488,nan
="250528-11-H-Z9-000--1-011",="B00I4UQAWA",="山佐時計計器 わんにゃんらいふ ピンク",1,1980.0,550,1178,0,1,="",0.0,0.0,764,0,1236,nan
="250528-11-H-Z9-000--1-012",="B0055QBJSQ",="オムロン(OMRON) 活動量計 カロリスキャン WellnessLink ブルー HJA-307IT-B",1,3465.0,550,1129,0,1,="",0.0,0.0,840,0,2660,nan
="250602-1-S-C2-001-Z-1-010",="B005MWADAS",="クックドームシリコンスチーマー",1,1960.0,550,1216,0,1,="",0.0,0.0,792,0,638,nan
="250602-1-S-C2-001-Z-1-017",="B077RRY8PB",="くるりんまっきー",1,2950.0,330,874,0,1,="",0.0,0.0,842,0,1808,nan
="250602-1-S-C2-001-Z-1-020",="B087C4VWDQ",="BUFFALO WiFi 無線LAN ルーター WSR-2533DHPL2/NB 11ac ac2600 1733+800Mbps IPv6対応 デュアルバンド 4LDK 3階建向け 簡易パッケージ テレワーク【iPhone13/12/11/iPhone SE(第二世代) メーカー動作確認済み】",1,7722.0,550,1163,0,1,="",0.0,0.0,1343,0,5907,nan
="250602-1-S-C2-001-Z-1-025",="B01M6VXVKV",="Bumbo バンボ ベビーソファ 専用プレートレイR 【正規総輸入元】",1,2624.0,330,1011,0,1,="",0.0,0.0,952,0,1368,nan
="250602-1-S-C2-001-Z-1-030",="B087Z4SMKY",="バッファロー (BUFFALO) 無線LAN親機 11ac/n/a/g/b 866+300Mbps WSR-1166DHPL2",1,2950.0,880,1511,0,1,="",0.0,0.0,793,0,1307,nan
="250602-1-S-C2-001-Z-1-034",="B0019SZZZM",="サンワサプライ 高性能ディスプレイ分配器(4分配) VGA-SP4",1,5623.0,550,1129,0,1,="",0.0,0.0,1080,0,4050,nan
="250602-1-S-C2-001-Z-1-037",="B01JY0G0RS",="サーモス 真空断熱テーブルスープジャー 1L モカ KJC-1000 MC",1,5148.0,1650,2557,0,1,="",0.0,0.0,1343,0,2207,nan
="250602-1-S-C2-001-Z-1-040",="B0019R00F8",="バンボ・ベビーソファ 専用プレートレイ 【総輸入販売元】",1,2950.0,880,1669,0,1,="",0.0,0.0,1006,0,1094,nan
="250602-11-S-C2-001-Z-1-035",="B003Q4G916",="【純正品】 シャープ 加湿フィルター セラミックファンヒーター用 HX-FK2",1,2178.0,550,1129,0,11,="",0.0,0.0,697,0,953,nan
="250602-11-S-C2-001-Z-1-042",="B000FGGRZG",="サンワサプライ ケーブルタイ(スパイラル) 内寸15mm・長さ5m CA-SP15W-5",1,1960.0,880,1497,0,11,="",0.0,0.0,659,0,441,nan
="250602-11-S-C2-001-Z-1-043",="4049140152",="すみっコぐらし ホログラムアートシール デコレーションスペシャル ([バラエティ]) キャラぱふぇ編集部; サンエックス株式会社",1,2843.0,1100,1883,0,11,="",0.0,0.0,946,0,826,nan
="250602-2-L-C2-001-Z-1-018",="B00J547IX4",="アンパンマン ノリノリおんがく キーボードだいすき",1,3940.0,550,0,0,2,="",0.0,0.0,1253,0,2177,nan
="250602-2-S-C2-001-Z-1-005",="B00DQLWWI8",="くもん出版 くもんのジグソーパズル STEP3 すごいぞ はたらく車 知育玩具 おもちゃ 2.5歳以上 KUMON",1,2376.0,550,1163,0,2,="",0.0,0.0,749,0,1101,nan
="250602-2-S-C2-001-Z-1-011",="B019NWSDGS",="仮面ライダーゴースト 闘魂装填 DXサングラスラッシャー",1,2970.0,770,0,0,2,="",0.0,0.0,933,0,1297,nan
="250602-2-S-C2-001-Z-1-015",="B006IZX9X6",="カシオ ラベルライター ネームランド エントリーモデル KL-P30BU ブルー",1,5148.0,1760,2440,0,2,="",0.0,0.0,923,0,2517,nan
="250602-2-S-C2-001-Z-1-021",="B0B4RPYLYR",="[バンダイ] ウルトラマンデッカー DXウルトラデュアルソード(対象年齢:3歳以上)",1,3960.0,1430,0,0,2,="",0.0,0.0,954,0,1616,nan
="250602-2-S-C2-001-Z-1-022",="B092VLG3RV",="[バンダイ] DX最強なりきりセット",1,4930.0,2090,0,0,2,="",0.0,0.0,1062,0,1828,nan
="250602-2-S-C2-001-Z-1-032",="B0000AI0Z9",="BUFFALO LSW-TX-8EP 10/100M スイッチングHub",1,2475.0,550,1140,0,2,="",0.0,0.0,740,0,1210,nan
="250602-2-S-C2-001-Z-1-036",="B00BTVH3M2",="脳活キューブ",1,3841.0,1650,0,0,2,="",0.0,0.0,892,0,1338,nan
="250602-2-S-C2-001-Z-1-044",="B018S0WCW2",="仮面ライダーゴースト ゴーストガジェットシリーズ04 クモランタン",1,3445.0,550,0,0,2,="",0.0,0.0,868,0,2062,nan
="250607-UX-L-C2-003-4950-1-013",="B08GXHFX59",="[バンダイ] 仮面ライダーセイバー 変身聖剣 DX土豪剣激土",1,3999.0,1760,0,0,2,="",0.0,0.0,1259,0,1020,nan
="250609-UX-L-T1-002-ta6390-1-030",="B01LC5XFF8",="仮面ライダーエグゼイド DXゲーマドライバー&キメワザスロットホルダーセット",1,12822.0,4378,0,0,2,="",0.0,0.0,2400,0,6174,nan
="250609-UX-N-T1-005--1-022",="B001VA8LJ0",="ジョイパレット(JOYPALETTE) アンパンマン NEW まるまるパズル",1,2356.0,550,0,0,2,="",0.0,0.0,776,0,1054,nan
="250609-UX-N-T1-005--1-024",="B00739MQSK",="くもん出版(KUMON PUBLISHING) くもんのジグソーパズル STEP2 はやいぞ しんかんせん 知育玩具 おもちゃ 2歳以上 KUMON",1,1960.0,440,837,0,2,="",0.0,0.0,703,0,837,nan
="250609-UX-N-T1-005--1-025",="B00739MQOE",="くもん出版 くもんのジグソーパズル STEP2 なかよし どうぶつファミリー 知育玩具 おもちゃ 2歳以上 KUMON",1,2376.0,440,1211,0,2,="",0.0,0.0,749,0,1211,nan
="250609-UX-N-T1-005--1-026",="B006HXNME0",="パンダおにぎりセット 75924",1,2356.0,660,862,0,1,="",0.0,0.0,858,0,862,nan
="250609-UX-N-T1-008-ta2800-1-018",="B00P5XVATW",="仮面ライダードライブ 超絶運転 DXハンドル剣",1,3940.0,880,0,0,2,="",0.0,0.0,952,0,2148,nan
="250609-UX-N-T1-012--1-006",="B0013NG05W",="スケッチ水彩 12色",1,3940.0,880,1988,0,11,="",0.0,0.0,1112,0,1988,nan
="250609-UX-N-T1-012--1-010",="B00739MQSK",="くもん出版(KUMON PUBLISHING) くもんのジグソーパズル STEP2 はやいぞ しんかんせん 知育玩具 おもちゃ 2歳以上 KUMON",1,2079.0,550,834,0,2,="",0.0,0.0,716,0,834,nan
="250615-UX-N-C3-001--1-001",="B009F2GCX8",="ソニー マイクロUSBプラグ変換アダプター ウォークマン用 WMP-NWM10",1,9129.0,2200,5719,0,1,="",0.0,0.0,1302,0,5719,nan
="250615-UX-N-C3-001--1-003",="B002CNU39G",="CASIO Ex-word 電子辞書 XD-SF6300GD シャンパンゴールド 音声対応 110コンテンツ 多辞書総合モデル クイックパレット付き5.3型(横117.0×縦66.1mm)タッチパネル搭載",1,4155.0,1650,1723,0,2,="",0.0,0.0,825,0,1722,nan
="250615-UX-N-C3-002--1-006",="B07B5WB6XK",="NEC Aterm Wi-Fi dual band WG1200CR PA-WG1200CR",1,2178.0,550,923,0,2,="",0.0,0.0,727,0,923,nan
="250615-UX-N-C3-002--1-008",="B00HWJDWMK",="BUFFALO【iphone6 対応】11ac/n/a/b/g 無線LAN親機(Wi-Fiルーター)エアステーション QRsetup ハイパワー 866+300Mbps WHR-1166DHP (利用推奨環境3人・3LDK・2階建て)",1,2950.0,990,1177,0,2,="",0.0,0.0,813,0,1177,nan
="250615-UX-N-C3-002--1-013",="B0D8SBC4HR",="［バンダイ(BANDAI)] レミン＆ソラン 魔法のプリンセスステップ ーラプンツェルー プリンセスステップドレッサー",1,3940.0,1990,1038,0,1,="",0.0,0.0,952,0,1038,nan
="250615-UX-N-C3-002-ta1980-1-010",="B005ZA8D6I",="maxell 録画用 BD-R 25GB 4倍速対応 プリンタブル ピンク 10枚入 BR25VFPKB.10S",1,3465.0,790,1870,0,11,="",0.0,0.0,840,0,1870,nan
="250615-UX-N-C3-002-ta2198-1-005",="B001UIEKYS",="BUFFALO USB2.0用 外付けポータブルDVDドライブ DVSM-PN58U2V-BK",1,2970.0,990,1215,0,2,="",0.0,0.0,795,0,1215,nan
="250615-UX-N-C3-003--1-018",="B000BK2N9K",="北川工業 家具転倒 防止 タックフィット TF-40K",1,1283.0,110,684,0,11,="",0.0,0.0,402,0,784,nan
="250615-UX-N-C3-003--1-021",="B07L5LL6N9",="ハナヤマ(HANAYAMA) ペントミノ 2D+3D 12x15x3cm かつのう",1,2376.0,550,1268,0,1,="",0.0,0.0,582,0,1268,nan
="250615-UX-N-C3-003--3-022",="B001A686TK",="明治アポロチョコレートパズル",3,2950.0,550,1784,0,1,="",0.0,0.0,646,0,1784,nan
="250615-UX-N-C3-003-ta5480-1-020",="B07Y1SYDGR",="くもん出版(KUMON PUBLISHING) NEW ひらがなつみき 木製 知育玩具 おもちゃ 3歳以上 KUMON",1,6674.0,770,4715,0,2,="",0.0,0.0,1255,0,4716,nan
="250615-UX-N-C3-004--1-023",="B001QUFBEI",="侍戦隊シンケンジャー 2モード変形 烈火大斬刀",1,5425.0,1650,2552,0,2,="",0.0,0.0,1418,0,2412,nan
="250615-UX-N-C3-004--1-024",="B0829SD6PR",="パナソニック LEDランタン 乾電池エボルタ付き 電球色 ピンク BF-AL05N-P",1,3762.0,1100,1817,0,1,="",0.0,0.0,883,0,1817,nan
="250615-UX-N-C3-004--1-025",="B001QEM38Q",="1000ピース 世界全図 (50x75cm)",1,7900.0,1100,5488,0,11,="",0.0,0.0,1392,0,5488,nan
="250615-UX-N-C3-005--2-027",="B005KW8WTO",="108ピース ジグソーパズル ディズニー ファンタジア ドリーム (18.2x25.7cm)",1,1782.0,550,618,0,11,="",0.0,0.0,632,0,618,nan
="250615-UX-N-C3-005-ta2880-1-026",="B088LQ1YRW",="ビバリー 100ピース ジグソーパズル 学べるジグソーパズル みんなのプラレール大集合! (26×38cm) 100-021",1,3643.0,330,2480,0,11,="",0.0,0.0,870,0,2480,nan
="250615-UX-N-C3-006--1-028",="B002JLYR2U",="ニチガン(NICHIGAN) ミッフィーブロックス",1,3465.0,550,2080,0,2,="",0.0,0.0,870,0,2080,nan
="250615-UX-N-C3-006--1-030",="B00PIHNWSC",="コンビ Combi 紙おむつ処理ポット 強力防臭抗菌おむつポット ポイテック・においクルルンポイ 共用スペアカセット (旧型ポイテック本体専用 ※ポイテック アドバンス本体使用不可)",1,1664.0,330,609,0,11,="",0.0,0.0,742,0,609,nan
="250615-UX-N-C3-006--1-031",="B00940WOBU",="パナソニック シリカ電球 LW100V36W 40W形",1,1188.0,330,304,0,11,="",0.0,0.0,566,0,304,nan
="250615-UX-N-C3-006-ta2980-1-029",="B089P8QZGZ",="ジョイパレット ワンワンとうーたん リズムでレッスン♪ ワンワンの メロディマット",1,3465.0,1430,1153,0,2,="",0.0,0.0,988,0,1082,nan
="250621-1-004-NA",="B00008AZYG",="CANON プロフェッショナルフォトペーパー A4 PR-101A4",1,891.0,55,444,0,1,="",0.0,0.0,401,0,499,nan
="250621-1-014-TA6000",="B088MMXVBP",="ぷにジェル すみっコぐらし DX プラス PG-27",1,7128.0,1430,0,0,1,="",0.0,0.0,1306,0,4464,nan
="250621-1-021-NA",="B07WZS6H9V",="ひみつ×戦士 ファントミラージュ ! ファントミタイム&ファントミフィナール",1,2970.0,1540,616,0,1,="",0.0,0.0,844,0,2156,nan
="250621-1-022-TA9500",="B000M5KVNY",="仮面ライダー電王 アクションライナーシリーズ1~4 DXデンライナーゴウカ",1,10870.0,3980,0,0,1,="",0.0,0.0,1722,0,5278,nan
="250621-1-026-NA",="B095R8DQ49",="タカラトミーアーツ 自宅で本格! そば打ち名人",1,1960.0,440,808,0,1,="",0.0,0.0,732,0,1248,nan
="250621-1-028-NA",="B08H1W54VB",="ドウシシャ ホットウォーターサーバー 卓上 ペットボトル最大2リットル 4段階温度調節 チャイルドロック付きピエリア",1,7524.0,638,5612,0,1,="",0.0,0.0,1350,0,6250,nan
="250621-1-029-NA",="B001E3EOO0",="木製パズルフレーム フラットパネル マリンブルー (26x38cm)",1,1485.0,308,513,0,1,="",0.0,0.0,679,0,821,nan
="250621-1-036-NA",="B07DNRM1FF",="元祖モグラたたきゲーム(2018年リニューアル)",1,4930.0,1100,2818,0,1,="",0.0,0.0,1062,0,3918,nan
="250621-11-027-NA",="B01LYTP672",="エポック社 2000スーパースモールピース ジグソーパズル イラスト/アート 世界の絵画 夜のカフェテラス (38×53cm) 54-006 のり付き ヘラ付き 点数券付き EPOCH",1,3940.0,1760,1297,0,11,="",0.0,0.0,923,0,3057,nan
="250621-2-002-TA4200",="B015XA8OQ8",="リカちゃん リカちゃんハウス ドレスルーム",1,6217.0,2178,0,0,2,="",0.0,0.0,1205,0,2897,nan
="250621-2-005-NA",="B087QXLJ3Y",="[バンダイ] 魔進戦隊キラメイジャー 閃輝ドリル DXシャイニーブレイカー",1,2178.0,726,718,0,2,="",0.0,0.0,756,0,1444,nan
="250621-2-006-TA5980",="B001R1YRXW",="レゴ (LEGO) デュプロ 楽しいどうぶつえん 7618 (旧バージョン)",1,8078.0,550,0,0,2,="",0.0,0.0,1501,0,6659,nan
="250621-2-010-NA",="B074ZDXS23",="仮面ライダービルド 回転剣銃 DXドリルクラッシャー",1,3316.0,1430,1037,0,2,="",0.0,0.0,883,0,1037,nan
="250621-2-011-NA",="B076LWQCVD",="仮面ライダービルド DX仮面ライダーWフルボトルセット",1,2059.0,550,846,0,2,="",0.0,0.0,684,0,1396,nan
="250621-2-012-TA3500",="B0002YN4HA",="ニチガン(NICHIGAN) U1 無塗装つみき",1,4455.0,990,0,0,2,="",0.0,0.0,1009,0,2501,nan
="250621-2-013-NA",="B0083AF3ZG",="Ed・Inter(エド・インター) 森のあそび道具 ままごといっぱいセット 500033",1,3742.0,550,2329,0,2,="",0.0,0.0,901,0,2879,nan
="250621-2-017-NA",="B00BC8E44M",="ブロックラボ ブロックといっしょに遊べる! わいわいブロックドールセット(アンパンマン・ワールドブロックシリーズ)",1,3940.0,880,2197,0,2,="",0.0,0.0,903,0,3077,nan
="250621-2-020-NA",="B07V2GDM5S",="ジョイパレット(JOYPALETTE) ワンワンとうーたん 手あそびいっぱい! くみたてへんしん☆わくわくボックスDX",1,5827.0,770,0,0,2,="",0.0,0.0,1463,0,3653,nan
="250621-2-024-NA",="B0083AF388",="Ed・Inter(エド・インター) 森のあそび道具 音いっぱいつみき 803813",1,2455.0,550,1172,0,2,="",0.0,0.0,758,0,1722,nan
="250621-2-034-NA",="B07LCGCLC2",="WN-DX1167R 360コネクト搭載867Mbps 対応Wi-Fiルーター",1,1960.0,330,947,0,2,="",0.0,0.0,703,0,1277,nan
="250621-2-035-NA",="B07G11LBG1",="エレコム WiFi 無線LAN ルーター 11ac ac1200 867+300Mbps IPv6対応 トレンドマイクロセキュリティ 3階建/4LDK デュアルバンド WRC-1167GST2",1,3445.0,330,2282,0,2,="",0.0,0.0,868,0,2612,nan
="250621-2-038-NA",="B00739MQSK",="くもん出版(KUMON PUBLISHING) くもんのジグソーパズル STEP2 はやいぞ しんかんせん 知育玩具 おもちゃ 2歳以上 KUMON",1,1960.0,550,727,0,2,="",0.0,0.0,703,0,727,nan
="250621-2-040-NA",="B001183VGA",="ハッピーキッチン ~かんたん楽しいパン作り~ こねパン",1,3148.0,1100,1216,0,2,="",0.0,0.0,864,0,2316,nan
="250621-2-045-NA",="B073P55341",="宇宙戦隊キュウレンジャー 変身回転剣 DXホウオウブレード&ホウオウシールド",1,3465.0,1430,1153,0,2,="",0.0,0.0,988,0,1082,nan
="250628-1-006-NA",="B0030HSOLW",="カクセー 紀州備長炭入り レンジdeおひつ 55-04501 約幅20×奥行19×高さ10.6cm",1,1762.0,110,891,0,1,="",0.0,0.0,779,0,891,nan
="250628-1-007-NA",="B000FQRNWW",="カーボーイ ゆびストッパー 茶 138",1,1782.0,88,791,0,1,="",0.0,0.0,1009,0,703,nan
="250628-1-019-NA",="B0854QXPH1",="バンダイ(BANDAI) 仮面ライダーゼロワン DXゼツメライズキーセット２",1,4851.0,2200,1706,0,1,="",0.0,0.0,994,0,1706,nan
="250628-1-024-NA",="B001QBX78Y",="パナソニック ミニレフ電球 110V 50W形 E17口金 50mm径 ホワイト LR110V50WSK",2,1777.0,110,1054,0,1,="",0.0,0.0,632,0,1053,nan
="250628-1-042-NA",="B06Y2PSWPM",="リーベックス(Revex) ワイヤレス トーク インターホン 親機 玄関セット 介護 子育て ZS200MG",1,7920.0,3300,2895,0,1,="",0.0,0.0,1805,0,2895,nan
="250628-1-043-NA",="B00Y2FKYE6",="妖怪ウォッチ おしゃべり&おきがえ妖怪シリーズ USAピョン",1,2475.0,429,1311,0,1,="",0.0,0.0,760,0,1311,nan
="250628-11-015-NA",="B000V2FCUA",="タンゲ化学工業 立つ湯たんぽ オレンジ 2.6L 日本製 袋なし",1,1574.0,308,535,0,11,="",0.0,0.0,748,0,534,nan
="250628-11-016-NA",="B01MRE7EQK",="ボーネルンド ナターン ( Nathan ) ファンラーニング ビルド・アップ・キューブ 3歳頃 NA310072",1,6792.0,3278,2314,0,11,="",0.0,0.0,1269,0,2314,nan
="250628-11-018-NA",="B08NXGRH32",="ボーネルンド ベルダック (Beleduc) ファンラーニング ねじねじアタマのなかまたち 2歳頃 BE92249 赤、青、黄など",1,3881.0,1628,1396,0,11,="",0.0,0.0,896,0,1396,nan
="250628-11-047-NA",="B07PM71TCY",="【日本正規品】 バイエルンエッジ bavarianedge 日本語取扱説明書付き 包丁研ぎ器 卓上型シャープナー 三徳包丁 果物ナイフ 刺身包丁",1,10890.0,1100,7571,0,11,="",0.0,0.0,2329,0,7571,nan
="250628-2-003-NA",="B09Y861N3N",="[バンダイ] レジェンド変身ベルトシリーズ Vバックル",1,6930.0,2750,2966,0,2,="",0.0,0.0,1284,0,2966,nan
="250628-2-008-NA",="B000HD1O8M",="アクロバティックボーイズ",1,3940.0,770,2258,0,2,="",0.0,0.0,952,0,2258,nan
="250628-2-011-NA",="B0177R5YKY",="はじめてのつみき こいぬのかくれんぼ",1,3465.0,770,1860,0,2,="",0.0,0.0,870,0,1860,nan
="250628-2-012-NA",="4344979001",="「へん」と「つくり」を合わせるゲーム 漢字はかせ ([バラエティ]) 馬場 雄二",1,3901.0,330,0,0,2,="",0.0,0.0,905,0,2705,nan
="250628-2-013-NA",="B001C4ZGNE",="コンビ 消毒じょ~ず & 衛生ケース HW",1,2970.0,330,1661,0,2,="",0.0,0.0,1009,0,1661,nan
="250628-2-020-NA",="B00QEQZJIM",="仮面ライダードライブ 開閉装填 DXドア銃",1,2238.0,638,0,0,2,="",0.0,0.0,763,0,860,nan
="250628-2-029-NA",="B001R1YRWI",="レゴ (LEGO) デュプロ ぞうさんのバケツ 7614 (旧バージョン)",1,3940.0,1650,1268,0,2,="",0.0,0.0,1150,0,1180,nan
="250628-2-031-NA",="B001VA8LJ0",="ジョイパレット(JOYPALETTE) アンパンマン NEW まるまるパズル",1,2356.0,880,0,0,2,="",0.0,0.0,776,0,724,nan
="250628-2-034-NA",="B07NV65X3V",="ぽぽちゃんのランドリールーム リアルな洗たくき&変身ランドリーラック",1,4410.0,880,2571,0,2,="",0.0,0.0,1005,0,2570,nan
="250628-2-036-NA",="B0075ZQZVG",="ベビラボ アンパンマン おそらでコンサート",1,2950.0,990,0,0,2,="",0.0,0.0,842,0,1148,nan
="250628-2-037-NA",="B004QGW7GE",="ポピュラープレイシングス (POPULAR PLAYTHINGS) みんなで笑って、はいチーズ! PPT70430",1,2475.0,550,1190,0,2,="",0.0,0.0,760,0,1190,nan
="250628-2-039-NA",="B014QI5AWY",="仮面ライダーゴースト 4モード変形 DXガンガンセイバー",1,4400.0,1430,2011,0,2,="",0.0,0.0,1002,0,2012,nan
="250628-2-040-NA",="B09NLV96C1",="[バンダイ] 暴太郎戦隊ドンブラザーズ DXドンブラスター(対象年齢:3歳以上)",1,3752.0,990,1869,0,2,="",0.0,0.0,931,0,1869,nan
="250628-2-041-NA",="B010N3KZ2Q",="手裏剣戦隊ニンニンジャー シュリケン合体 DXライオンハオー",1,7800.0,1760,0,0,2,="",0.0,0.0,1842,0,4277,nan
="250628-2-045-NA",="B08986S9NV",="[バンダイ] ウルトラマンZ DXウルトラマンゼット最強なりきりセット",1,7880.0,3850,2749,0,2,="",0.0,0.0,1361,0,2749,nan
="250628-2-048-NA",="B00KALK46E",="NEC AtermWF300HP2 PA-WF300HP2",1,2455.0,770,952,0,2,="",0.0,0.0,758,0,952,nan
="250628-2-050-NA",="B01MUBAF7Z",="宇宙戦隊キュウレンジャー 変身コントローラー DXセイザブラスター",2,4336.0,990,2423,0,2,="",0.0,0.0,967,0,2423,nan
="250628-2-052-NA",="B00739VYE2",="特命戦隊ゴーバスターズ バスターギアシリーズ 02 イチガンバスター",1,2257.0,550,994,0,2,="",0.0,0.0,736,0,994,nan
="250702-1-012",="B000BPYYWO",="PILOT ink ベビープー おたんじょうきろく",1,1386.0,110,741,0,1,="",0.0,0.0,549,0,741,nan
="250702-11-001",="B000AM5ZCQ",="TDK オーディオカセットテープ AE 120分11巻パック [AE-120X11G]",1,6534.0,980,4439,0,11,="",0.0,0.0,1181,0,5419,nan
="250702-2-006",="B00529SXEY",="CG-WLNUP01N デバイスサーバ プリントサーバ機能搭載",1,5920.0,990,3999,0,2,="",0.0,0.0,991,0,4989,nan
="250702-2-007-Q4",="B089P75ZHS",="アガツマ(AGATSUMA) アンパンマン よくばりボックス 対象年齢8ヵ月以上",1,6613.0,0,0,0,2,="",0.0,0.0,1550,0,5130,nan
="250702-2-014-Q4",="B01AUKUYE6",="くもん出版 くもんのジグソーパズル STEP6 見てみよう!日本各地を走る電車・列車 知育玩具 おもちゃ 3.5歳以上 KUMON",1,3247.0,990,1444,0,2,="",0.0,0.0,846,0,1444,nan
="250702-2-019",="B00BTVH3M2",="脳活キューブ",1,3247.0,550,1904,0,2,="",0.0,0.0,826,0,2454,nan
="250702-2-021-Q4",="B0160NDUMA",="仮面ライダーゴースト グーパー拳銃 DXガンガンハンド",2,3940.0,1100,0,0,2,="",0.0,0.0,1253,0,1627,nan
="250705-1-001",="B01E4R1T54",="マイヤー(Meyer) 電子レンジ圧力鍋 2.3L ポリプロピレン 簡単調理 時短 炊飯 イタリアンレッド「電子レンジ圧力鍋」 【国内正規品】 MPC-2.3IR",1,3851.0,1320,0,0,1,="",0.0,0.0,1156,0,1414,nan
="250705-1-002",="B003YUHLDC",="シリコン タジン鍋 20cm バレンシアオレンジ レシピ付",1,3138.0,880,1282,0,1,="",0.0,0.0,1009,0,2161,nan
="250705-1-008-Q4",="B016B9GKMU",="アガツマ(AGATSUMA) アンパンマン ふわっと大きなKOパンチ",1,4257.0,880,2482,0,1,="",0.0,0.0,938,0,3362,nan
="250705-1-025",="B005Q5Y4EW",="カール事務器 ルーズリーフパンチ ゲージパンチ・ネオ ブルー GP-130N-B",1,2554.0,880,789,0,1,="",0.0,0.0,911,0,1669,nan
="250705-11-005",="B07H8TVFGZ",="リッチェル ベビーガード マグネット式引き出しロック 2個 (x 1) 0か月~",1,2158.0,330,1035,0,11,="",0.0,0.0,815,0,1035,nan
="250705-11-040",="B01B74CE8S",="ピジョン はじめてのかんたんおはし 左手用 イエロー [2才頃から]",1,1386.0,150,564,0,11,="",0.0,0.0,578,0,822,nan
="250705-11-046",="B007UTUCKW",="おかしなプッチンプリン プッチンアイス ストロベリーカラー",1,2950.0,550,1617,0,11,="",0.0,0.0,813,0,2167,nan
="250705-2-007",="B003BGUTJ2",="おさんぽくまさん",1,3382.0,990,1426,0,2,="",0.0,0.0,1088,0,2328,nan
="250705-2-014",="B089P8QZGZ",="ジョイパレット ワンワンとうーたん リズムでレッスン♪ ワンワンの メロディマット",1,3465.0,1100,1483,0,2,="",0.0,0.0,988,0,2512,nan
="250705-2-016-Q4",="B07KX4WC7Z",="仮面ライダージオウ 超針回転剣DXライドヘイセイバー",1,3841.0,1540,1238,0,2,="",0.0,0.0,1242,0,2638,nan
="250705-2-020",="B07ZTCJ56W",="WSR-1166DHPL IPv6対応 無線LANルーター",1,3267.0,880,1592,0,2,="",0.0,0.0,828,0,2472,nan
="250705-2-024",="B000IGZRYU",="カール ゲージパンチ・ネオ(26・30穴) GP-130B",1,2352.0,550,949,0,2,="",0.0,0.0,877,0,1499,nan
="250705-2-027-Q4",="B01N0VVZZ8",="アンパンマン それいけ! コロロンパーク みんなおいでよ! コロロンゆうえんち",1,7128.0,1100,4776,0,2,="",0.0,0.0,1395,0,5805,nan
="250705-2-031",="B0019O19BU",="ギガミック (Gigamic) カタミノ (KATAMINO) [正規輸入品] パズルゲーム…",1,3182.0,1430,945,0,2,="",0.0,0.0,838,0,2376,nan
="250705-2-032-Q4",="B07NGQWYXV",="[バンダイ] 変身ベルト ver.20th DXゲーマドライバー",1,7821.0,2530,0,0,2,="",0.0,0.0,1383,0,3987,nan
="250705-2-037",="B00G8V7D8W",="デュプロ ぞうさんのバケツ 7614",1,4930.0,1100,2708,0,2,="",0.0,0.0,1260,0,3720,nan
="250705-2-039-Q4",="B0185EWE2Y",="はじめてのしょうぎセット あそび方ブック付き",1,3095.0,330,1938,0,2,="",0.0,0.0,858,0,1938,nan
="250705-2-045",="B002XQ2J3K",="Logitec USB対応 FM/AMラジオチューナー Windows用 LRT-FMAM200UW",1,2772.0,550,1487,0,2,="",0.0,0.0,763,0,2037,nan
="250705-2-047-Q4",="B005EVC5CG",="仮面ライダーフォーゼ 変身ベルト DXフォーゼドライバー",1,6514.0,2750,0,0,2,="",0.0,0.0,1238,0,2592,nan
="250713-1-006",="B00KRVIXG0",="ケンダマクロス ドラゴンフレア",1,3465.0,770,1880,0,1,="",0.0,0.0,850,0,2650,nan
="250713-1-020",="B01J41DX5E",="レゴ(LEGO) クリエイター 高速ヘリコプター 31057",1,3960.0,1650,1890,0,1,="",0.0,0.0,905,0,1590,nan
="250713-1-022",="B001CBV7Y4",="グルメ三昧 アイボリー",1,1772.0,330,680,0,1,="",0.0,0.0,781,0,679,nan
="250713-11-021",="B000UZET0M",="貝印 トリプル砥石 AP-0509",1,5742.0,2750,1628,0,11,="",0.0,0.0,1422,0,1628,nan
="250713-11-023",="B003N3VHX0",="シービージャパン(CB JAPAN) シリコンスチーマー ピンク オーバル型 電子レンジ調理 fleur",1,4455.0,990,2282,0,11,="",0.0,0.0,1228,0,2282,nan
="250713-2-001",="B000G19Q8A",="アンパンマン 筒入りつみ木",1,2970.0,858,1327,0,2,="",0.0,0.0,815,0,2185,nan
="250713-2-002",="B00F3B2TVO",="レゴ デュプロ みどりのコンテナデラックス 10572",1,6435.0,858,4413,0,2,="",0.0,0.0,1229,0,5271,nan
="250713-2-004",="B01A5YLQBM",="ラーニング リソーシズ(Learning Resources) ラーニング・ブロックス360°3歳頃 LNR9284 ピンク、オレンジ、青、紫など",1,4158.0,1430,1823,0,2,="",0.0,0.0,947,0,3253,nan
="250713-2-005",="B014QI5CQ8",="仮面ライダーゴースト GC02 ムサシゴースト&エジソンゴーストセット",1,3465.0,1430,1220,0,2,="",0.0,0.0,850,0,2650,nan
="250713-2-010",="B001R1YRX2",="レゴ (LEGO) 基本セット 青いバケツ 7615",1,8890.0,1078,0,0,2,="",0.0,0.0,1700,0,6202,nan
="250713-2-012",="B0012C333G",="CASIO Ex-word 電子辞書 XD-SP6600RD 100コンテンツ多辞書 ネイティブ+7ヶ国TTS音声対応 メインパネル+手書きパネル搭載 モデル",1,4930.0,2398,1679,0,2,="",0.0,0.0,903,0,1679,nan
="250713-2-013",="B00SMH51WK",="CASIO EX-word☆XD-U6000NB電子辞書/カラータッチパネル液晶/ジャパネットたかたオリジナルモデル",1,4930.0,2178,1909,0,2,="",0.0,0.0,893,0,1909,nan
="250713-2-014",="B00SIXC1DU",="【Amazon.co.jp限定】カシオ 電子辞書 エクスワード 高校生モデル XD-K4805BK ブラック",1,9702.0,3608,4875,0,2,="",0.0,0.0,1317,0,4875,nan
="250713-2-018",="B08984MSXP",="[バンダイ] ウルトラマンZ DXウルトラゼットライザー",1,10890.0,1650,0,0,2,="",0.0,0.0,1695,0,7655,nan
="250713-2-019",="B01N0VQZYQ",="アンパンマン にほんご えいご 二語文も! アンパンマン おしゃべりいっぱい! ことばずかんSuperDX 260×290×45mm",1,6216.0,2200,2713,0,2,="",0.0,0.0,1506,0,2573,nan
="250713-2-026",="B000MUZCLU",="CASIO Ex-word (エクスワード) 電子辞書 XD-GW6800 日中韓対応手書きパネル搭載 音声対応 5.5型高精細液晶 100コンテンツ一般・総合モデル",1,3940.0,1100,2065,0,2,="",0.0,0.0,815,0,2065,nan
="250713-2-027",="B01LC5VY7O",="動物戦隊ジュウオウジャー 変身銃 DXホエールチェンジガン",1,2831.0,550,1481,0,2,="",0.0,0.0,829,0,1481,nan
="250713-2-028",="B0019O19BU",="ギガミック (Gigamic) カタミノ (KATAMINO) [正規輸入品] パズルゲーム…",1,3182.0,1650,725,0,2,="",0.0,0.0,838,0,726,nan
="250713-2-029",="B07DFPNG13",="快盗戦隊ルパンレンジャーVS警察戦隊パトレンジャー バッテン十手刀 DX X(エックス)ロッドソード",1,2920.0,880,1260,0,2,="",0.0,0.0,810,0,1260,nan
="250713-2-033",="B07VP44JFJ",="くもん出版(KUMON PUBLISHING) くもんの日本地図 パズル",1,3465.0,110,0,0,2,="",0.0,0.0,899,0,2491,nan
="250713-2-035",="B00068N40O",="Melitta(メリタ) セレクトグラインド MJ-516 (ホワイト)",1,4950.0,990,2995,0,2,="",0.0,0.0,1015,0,2995,nan
="250720-1-012-Q4",="B00O2LEZMM",="烈車戦隊トッキュウジャー 烈車合体シリーズ12 烈車合体 DXハイパーレッシャテイオー",1,8711.0,4400,0,0,2,="",1.0,0.0,1773,0,6938,nan
="250720-1-013",="B06WWM714D",="HAPIROLL (ハピロール) アイスクリームメーカー 自宅でロールアイス シャーベット ブラウン ドウシシャ DHRL-17BR",1,2980.0,880,1094,0,1,="",1.0,0.0,1006,0,1094,nan
="250720-11-022",="B000S6KSOE",="アイリスオーヤマ 防災グッズ 家具 転倒防止 伸縮棒 M 高さ40-60cm ホワイト 防災 用品 災害グッズ KTB-40 2本入",2,2900.0,880,1027,0,11,="",1.0,0.0,993,0,1027,nan
="250720-11-025",="B005XIWW0A",="エンスカイ(ENSKY) パズルフレーム ジブリ作品専用 ミニパズル どんぐり 茶 (10x14.7cm)",1,2980.0,1100,1234,0,11,="",1.0,0.0,646,0,1234,nan
="250720-2-011-Q4",="B00739VYE2",="特命戦隊ゴーバスターズ バスターギアシリーズ 02 イチガンバスター",1,2280.0,550,994,0,2,="",1.0,0.0,736,0,994,nan
="250720-2-017",="B07ZTCJ56W",="WSR-1166DHPL IPv6対応 無線LANルーター",1,3940.0,990,0,0,2,="",1.0,0.0,898,0,2052,nan
="250720-2-018-Q4",="B076CKK1ML",="くもん出版 くみくみスロープたっぷり100 知育玩具 おもちゃ 3歳以上 KUMON",1,12000.0,1980,0,0,2,="",1.0,0.0,2135,0,7885,nan
="250720-2-023-Q4",="B0048BQ6LO",="レゴ (LEGO) 基本セット 青いバケツ (ブロックはずし付き) 7615",1,6500.0,990,0,0,2,="",1.0,0.0,1427,0,5073,nan
="250720-2-024-Q4",="B0761ST9HG",="ウルトラマンジード DXキングソード",1,3580.0,1650,1022,0,2,="",1.0,0.0,908,0,1022,nan
="250720-2-026-Q4",="B0073CD3JS",="トミカ ハイパービルダー ハイパービルダー1号",1,5800.0,550,0,0,2,="",1.0,0.0,1152,0,4098,nan
="250720-2-027-Q4",="B00JL5XNSG",="プラレール きかんしゃトーマス どきどきマウンテンセット",1,5980.0,1650,0,0,2,="",1.0,0.0,1473,0,4507,nan
="250727-1-002",="B000NZ9VI4",="ティファール インジニオ 専用ハンドル ブラックファイヤー 18217",1,4000.0,550,2325,0,1,="",1.0,0.0,1125,0,2325,nan
="250727-1-005",="B07X4HJ1HV",="ドウシシャ(DOSHISHA) ぽわっとエッグベーカー BK ブラック 幅11×奥行16×高さ6.5cm LCEB-S-BK",1,1980.0,550,638,0,1,="",1.0,0.0,792,0,638,nan
="250727-2-001",="B003BGUTJ2",="おさんぽくまさん",1,3380.0,220,2164,0,2,="",1.0,0.0,1084,0,2076,nan
="250727-2-007",="B00031YGCO",="立体パズル",1,2480.0,770,972,0,2,="",1.0,0.0,738,0,972,nan
="250727-2-008",="B00948S07Y",="くもん出版 くもんの磁石すうじ盤100",1,8500.0,1760,5019,0,2,="",1.0,0.0,1721,0,5019,nan
="250727-2-009-Q4",="B07DN7ZJR1",="アンパンマン くみたて DIY ねじねじSLマン と ポッポちゃん",1,5980.0,1100,3708,0,2,="",1.0,0.0,1172,0,3708,nan
="250727-2-010-Q4",="B00J547IX4",="アンパンマン ノリノリおんがく キーボードだいすき",1,3980.0,1760,1107,0,2,="",1.0,0.0,1253,0,967,nan
="250727-2-011-Q4",="B00TPD5KEY",="リカちゃん ドーナツいっぱい ミスタードーナツショップ",1,6500.0,1650,3511,0,2,="",1.0,0.0,1427,0,3423,nan
="250727-2-015-Q4",="B08K3Y3RTD",="[バンダイ] 仮面ライダーセイバー 変身ベルト DX闇黒剣月闇&邪剣カリバードライバー",1,3180.0,1078,0,0,2,="",1.0,0.0,864,0,1238,nan
="250727-2-019-Q4",="B0B1TGMLPX",="[バンダイ] 暴太郎戦隊ドンブラザーズ ドンドラゴクウ&ドントラボルト 完全なりきりセット(対象年齢:3歳以上)",1,4500.0,1430,1900,0,2,="",1.0,0.0,1310,0,1760,nan
="250727-2-020",="B08438XLXM",="ジョイパレット(JOYPALETTE) ワンワンとうーたん クイズにおえかき!ミュージック! タッチでおしゃべり レッスンバッグ (ピカピカブ~! バージョン) 32x37x6cm プラスチック",1,5000.0,638,3298,0,2,="",1.0,0.0,1064,0,3298,nan
="250727-2-021",="B004WLSP14",="べビラボ どこでもわくわくジムメリー",1,3980.0,1100,0,0,2,="",1.0,0.0,1041,0,1839,nan
="250727-2-024-Q4",="B000FFC48Q",="トミカ ハイパーレスキュー 緊急司令基地",1,7800.0,1694,4467,0,2,="",1.0,0.0,1833,0,4273,nan
="250727-2-028-Q4",="B095R8VPBL",="タカラトミー(TAKARA TOMY) トミカワールド ぐるっと変形！ＤＸポリスステーション",1,5500.0,2200,1914,0,2,="",1.0,0.0,1580,0,1720,nan
="250727-2-029-Q4",="B07YG25LYP",="トミカ ハイパーレスキュー 1号&2号 DXセット",1,10000.0,4840,0,0,2,="",1.0,0.0,1915,0,3245,nan
="250727-2-030-Q4",="B07CJ9XXSD",="トミカ タウンどうろセット (シール、背景ボード、レイアウトブック)",1,5920.0,1980,0,0,2,="",1.0,0.0,1165,0,2775,nan
="250727-2-031-Q4",="B00CHWNN4E",="トミカ 高速道路 ぐるぐるインターチェンジ",1,9181.0,2420,4970,0,2,="",1.0,0.0,1985,0,4776,nan
="250727-2-033",="B0076CTA2E",="木製シリーズ ひらがな・カタカナ付き アルファベットつみき",1,2800.0,880,1127,0,2,="",1.0,0.0,793,0,1127,nan
="250727-2-036-Q4",="B095R62WL3",="タカラトミー(TAKARA TOMY) リカちゃん わんにゃんレントゲン! リカちゃん動物病院",1,4680.0,2090,0,0,2,="",1.0,0.0,1118,0,1472,nan
="250727-2-039-Q4",="B08WZR719Y",="プラレール 新幹線変形ロボ シンカリオンZ シンカリオンZ E5はやぶさ グリーン",1,4580.0,2200,1391,0,2,="",1.0,0.0,989,0,1391,nan
="250727-2-043-Q4",="B005M682XO",="レゴ (LEGO) 基本セット 赤いバケツ (ブロックはずし付き) 7616",1,5480.0,1540,2713,0,2,="",1.0,0.0,1315,0,2625,nan
="250727-3-012",="B00BOZQH0C",="くもん出版(KUMON PUBLISHING) NEW ひらがなつみき",1,2100.0,308,0,0,3,="",1.0,0.0,745,0,1047,nan
="250805-2-001",="B0C23N99SR",="【Toffy/トフィー】 アイスクリームメーカー K-IS11 (ミルキーホワイト) 本格アイス 自家製 ヘルシー 簡単 レシピ付き トッピング レトロ かわいい K-IS11-MW",1,3580.0,1430,1271,3580,2,="",1.0,0.0,879,0,2701,nan
="250805-2-002-Q4",="B07G1LQ1D2",="バンダイ(BANDAI) 仮面ライダージオウ DXジクウドライバー&ライドウォッチホルダーセット",1,10145.0,4290,4064,10145,2,="",1.0,0.0,1932,0,8213,nan
="250805-2-003",="B00I7JWSZG",="アニア プレイセット ウキウキスプラッシュ水族館",1,8580.0,2090,3107,8580,2,="",1.0,0.0,1759,0,6821,nan
="250805-2-004",="B00067Y4AO",="ハバ ベビーブロック ファンタジー 2297",1,6754.0,770,4727,6754,2,="",1.0,0.0,1257,0,5497,nan
="250805-2-005-Q4",="B00I7JXHLK",="プラレール のぼりおりを楽しもう! 坂レールセット",1,4980.0,1760,2048,4980,2,="",1.0,0.0,1260,0,3720,nan
="250805-2-007-Q4",="B0CY1RMRD3",="[バンダイ] ブレーザーブレス MEMORIAL EDITION",1,12980.0,7590,3477,12980,2,="",1.0,0.0,1913,0,11067,nan
="250805-2-008",="B013SMIUDU",="ワコム Intuos Comic 【旧モデル】ペン&タッチ マンガ・イラスト制作用モデル Sサイズ ブラック CTH-490/K1",1,4800.0,1650,2243,4800,2,="",1.0,0.0,907,0,3893,nan
="250805-2-010-Q3",="B0861FZVBH",="パナソニック 美顔器 イオンエフェクター クールモード付き 浸透タイプ ゴールド調 EH-ST78-N",1,5080.0,2750,1306,5080,2,="",1.0,0.0,1024,0,4056,nan
="250805-2-012-Q4",="B0053FMJKG",="海賊戦隊ゴーカイジャー 海賊合体 DX豪獣神",1,13000.0,5500,5538,13000,2,="",1.0,0.0,2033,0,10967,nan
="250805-2-014-Q4",="B079HHGX73",="仮面ライダービルド 駆鱗煙銃 DXネビュラスチームガン",1,10200.0,880,7713,10200,2,="",1.0,0.0,1607,0,8593,nan
="250805-2-018",="B0002U3IRU",="タカラトミー(TAKARA TOMY) 黒ひげ危機一発 [並行輸入品]",1,1980.0,220,1057,1980,2,="",1.0,0.0,703,0,1277,nan
="250805-2-019",="4057503374",="じゃんけんしょうぎ (頭のよくなるゲーム)",1,2500.0,330,1286,2500,2,="",1.0,0.0,884,0,1616,nan
="250805-2-023-Q4",="B071LSD92C",="トミカ トミカタウンビルドシティ パワークレーン建設現場 unisex",1,9600.0,1760,2575,9600,2,="",1.0,0.0,1659,0,7941,nan
="250805-2-024-Q4",="B07CM5LFLQ",="トミカ ぶるぶる放水! BIGファイヤーエンジン",1,3880.0,990,1650,3880,2,="",1.0,0.0,941,0,2939,nan
="250805-2-025",="B000G02HQE",="たしざん ・ 九九が覚えられる! 計算はさみゲーム",1,3500.0,110,2416,3500,2,="",1.0,0.0,974,0,2526,nan
="250805-2-026-Q4",="B01GH4M6XQ",="トミカ スリリングマウンテン",1,5500.0,1980,2134,5500,2,="",1.0,0.0,1580,0,3920,nan
="250805-2-027",="B019FC98ZG",="シャープ カラ―電子辞書 Brain 中学生モデル ブルー系 PW-SJ3-A",1,5980.0,3080,1919,5980,2,="",1.0,0.0,981,0,4999,nan
="250805-2-028-Q4",="B00J547IX4",="アンパンマン ノリノリおんがく キーボードだいすき",1,3861.0,1590,1171,3861,2,="",1.0,0.0,1240,0,2621,nan
="250805-2-029",="B003I4DTM6",="タカラトミー(TAKARA TOMY) リズムあそびいっぱいマジカルバンド W310×H220×D265mm マルチカラー",1,3940.0,1078,1912,3940,2,="",1.0,0.0,1145,0,2795,nan
="250810-1-001",="B00009VTCH",="SONY RK-G131 接続コード",2,2350.0,330,1443,2350,1,="",1.0,0.0,577,0,1773,nan
="250810-1-005",="B01FTOO8IG",="BRUNO マルチスレート スクエアS BHK090-S BHK090-S",1,2500.0,550,1072,2500,1,="",1.0,0.0,878,0,1622,nan
="250810-1-010",="B07JGRG8CJ",="ラッセルホブス コーヒーメーカー 5カップ ベーシックドリップ 7620JP",1,4776.0,1100,2637,4776,1,="",1.0,0.0,1040,0,3736,nan
="250810-1-025",="B000Y9KLTW",="Transcend ノートPC用 PC2-5300(DDR2-667) 2GB 200pin SO-DIMM JM667QSU-2G",1,1480.0,110,952,1480,1,="",1.0,0.0,418,0,1062,nan
="250810-1-045",="B08BHV61Y8",="エレコム iPad Air 2019年モデル iPad Pro 10.5インチ 2017年モデル フラップカバー 背面クリア ZEROSHOCK スリープ対応 ブラック TB-A19MZEROBK",1,2500.0,990,889,2500,1,="",1.0,0.0,648,0,1852,nan
="250810-1-054",="B00WYPFLCQ",="リッチェル ふかふかベビーバス W グリーン 新生児~6カ月",1,3267.0,550,1693,3267,1,="",1.0,0.0,1024,0,2243,nan
="250810-11-006",="4057506160",="大人のためのヒーリングスクラッチアート Flower! Flower! Flower! ([バラエティ]) ヨシヤス",1,4358.0,550,2617,4358,11,="",1.0,0.0,1191,0,3167,nan
="250810-11-009",="B015Z8AWRC",="アイメディア 着物一式収納ケース 炭入り消臭 衣類収納 収納ボックス 衣類用 収納袋 不織布 持ち手付 防塵 透明窓付き 帯 浴衣保管",1,2455.0,880,656,2455,11,="",1.0,0.0,919,0,1536,nan
="250810-11-011",="B000SKJE72",="audio-technica ボリューム付ヘッドホン延長コード ホワイト AT3A50ST/0.5 WH",1,1500.0,550,497,1500,11,="",1.0,0.0,453,0,1047,nan
="250810-11-048",="B0002ERL2O",="SHARPハンディ・手帳タイプ電卓 大型表示 手帳型ケース付 8桁 EL-235S-X",2,1782.0,330,870,1782,11,="",1.0,0.0,582,0,1200,nan
="250810-11-055",="B01ALDIMV4",="クツワ STAD 防災ずきん 園児用 KZ004",1,4980.0,550,3076,4980,11,="",1.0,0.0,1425,0,3555,nan
="250810-11-056",="B000S6KSOE",="アイリスオーヤマ 防災グッズ 家具 転倒防止 伸縮棒 M 高さ40-60cm ホワイト 防災 用品 災害グッズ KTB-40 2本入",1,2600.0,550,1107,2600,11,="",1.0,0.0,943,0,1657,nan
="250810-2-002",="B000HFXODI",="アスカ(Asmix) ラミネーター A6サイズ 150μまで対応 L1110E",1,6500.0,990,4473,6500,2,="",1.0,0.0,1037,0,5463,nan
="250810-2-003",="B000X12IZQ",="ツインバード 衣類スチーマー スチームアイロン アイロン ハンディ ブルー SA-4084BL",1,4500.0,550,2941,4500,2,="",1.0,0.0,1009,0,3491,nan
="250810-2-013",="B0024R3NP6",="ジョイパレット(JOYPALETTE) ワンワンとうーたん まるまるパズル",1,2000.0,550,716,2000,2,="",1.0,0.0,734,0,1266,nan
="250810-2-014-Q4",="B0075ZQZVG",="ベビラボ アンパンマン おそらでコンサート",1,2944.0,1100,1006,2944,2,="",1.0,0.0,837,0,2107,nan
="250810-2-015-Q4",="B01LC5XL34",="仮面ライダーエグゼイド 乱弾必中 DXガシャコンマグナム",1,4500.0,1100,1813,4500,2,="",1.0,0.0,1009,0,3491,nan
="250810-2-016-Q4",="B01MZ431KO",="仮面ライダーエグゼイド ダブル装填 DXガシャコンキースラッシャー",1,3149.0,1100,1028,3149,2,="",1.0,0.0,1162,0,1987,nan
="250810-2-024",="B001872YSA",="BUFFALO PCIバス用 地デジチューナ DT-H50/PCI",1,3980.0,550,2595,3980,2,="",1.0,0.0,835,0,3145,nan
="250810-2-026",="B00009VTSV",="SONY PC-220M M プラグアダプター",1,1400.0,110,848,1400,2,="",1.0,0.0,442,0,958,nan
="250810-2-027",="B0087UMLAC",="【2012年モデル】ELECOM WEBカメラ 200万画素 1/5インチCMOSセンサ マイク内蔵 コンパクトタイプ ブラック UCAM-C0220FBBK",1,1700.0,110,975,1700,2,="",1.0,0.0,615,0,1085,nan
="250810-2-030",="B098WQYCTX",="エレコム LED リングライト 三脚 16㎝ 3色モード / 10段階調光 USB給電 ブラック DE-L02BK",1,2980.0,550,1617,2980,2,="",1.0,0.0,813,0,2167,nan
="250810-2-032",="B009WETQQO",="はじめてのおままごと コンロ",1,7980.0,2530,4058,7980,2,="",1.0,0.0,1392,0,6588,nan
="250810-2-035",="B00VDRU4AU",="ケンダマクロス なしからうまれたケンダマクロス ふなっしー",1,2970.0,550,1628,2970,2,="",1.0,0.0,792,0,2178,nan
="250810-2-036",="B013SMZZW4",="はじめてのおままごと おなべでグツグツセット",1,3200.0,990,1373,3200,2,="",1.0,0.0,837,0,2363,nan
="250810-2-038-Q4",="B01L6SFCMU",="トミカ おしごと体験 サウンドいっぱい! ブルブル ガソリンスタンド ENEOS",1,6480.0,1650,2431,6480,2,="",1.0,0.0,1227,0,5253,nan
="250810-2-040-Q4",="B00WD7C196",="トミカ トミカシステム 電動スロープ",1,3980.0,1430,1598,3980,2,="",1.0,0.0,952,0,3028,nan
="250810-2-042-Q4",="B014KHTG6W",="プラレール アドバンス 超電導リニアL0系 高架レールセット",1,9980.0,2640,3725,9980,2,="",1.0,0.0,1913,0,8067,nan
="250810-2-043-Q4",="B07TSCLJ9T",="ウルトラマンタイガ DXトレギアアイ",1,4290.0,990,2363,4290,2,="",1.0,0.0,937,0,3353,nan
="250810-2-053-Q4",="B00PVBUQCK",="アンパンマン おでかけメロディハンドル",1,3762.0,880,1954,3762,2,="",1.0,0.0,928,0,2834,nan
="250816-1-016",="B002XSB2AY",="燃えろ！！ロボコン　スロットロイド4　ロボデジ",2,1980.0,528,779,0,1,="",1.0,0.0,673,0,1307,nan
="250816-1-019",="B004KGY0QU",="ELECOM テレビ用ヘッドホン カナル 3m ブラック EHP-TVIN0130BK",1,3850.0,550,2558,0,1,="",1.0,0.0,742,0,3108,nan
="250816-11-002",="B01MZGV79T",="ロゼンスター メンズフェイストリマー FM-591",1,1477.0,550,477,0,11,="",1.0,0.0,451,0,1026,nan
="250816-11-014",="B0D8L46JSW",="エレコム iPad Air 13インチ (M3/M2) 2025/2024年 ケース 背面クリア 変えられる2つのスタンド角度 スリープモード対応 傷や汚れが付きにくいソフトレザー ブラック TB-A24XWVBK",1,4074.0,1650,1658,0,11,="",1.0,0.0,766,0,3308,nan
="250816-11-018",="B000WMOBAG",="パナソニック シリカ電球60形【1個入】 LW100V54W(NA)",2,1300.0,220,503,0,11,="",1.0,0.0,577,0,723,nan
="250816-2-003",="B005GICA5Y",="カール事務器 裁断機 ペーパーカッター A4対応 10枚裁断 DC-200N",1,2980.0,880,1094,0,2,="",1.0,0.0,1006,0,1974,nan
="250816-2-004",="B00BJ67KZ2",="PLANTOYS 5634 ギアパズル-スタンダード",1,2500.0,550,1210,0,2,="",1.0,0.0,740,0,1760,nan
="250816-2-005",="B00031YCW8",="NEWドキドキドミノ",1,4500.0,1320,2200,0,2,="",1.0,0.0,980,0,3520,nan
="250816-2-006",="B07SFP19QH",="はじめて英語 くまのプーさん 絵本でおしゃべり! ゆびさき知育 いっぱいできた 8か月~3歳 ディスク(1)付",1,4801.0,1320,2278,0,2,="",1.0,0.0,1343,0,3458,nan
="250816-2-007",="B00009W17F",="カシオ 電子辞書 スタンダード XD-80AN",1,2600.0,580,1473,0,2,="",1.0,0.0,547,0,2053,nan
="250816-2-009",="B0001IXUI0",="SONY CLIE PEG-TH55-B (エグゼブラック)",1,12000.0,3300,7179,0,2,="",1.0,0.0,1521,0,10479,nan
="250816-2-012",="B003LVYGH8",="バッファロー BUFFALO フルキーボード USB接続 パンタグラフ Macモデル ホワイト BSKBM01WH",1,3300.0,880,1433,0,2,="",1.0,0.0,1075,0,2225,nan
="250816-2-015",="B0002U3GJA",="トミーダイレクト ジェンガ",1,2000.0,638,677,0,2,="",1.0,0.0,685,0,1315,nan
="250816-2-020-Q4",="B07ZQ33SLY",="トミカ スピードウェイ GO!GO! アクセルサーキット (スペシャルトミカ同梱版)",1,8800.0,2530,4627,0,2,="",1.0,0.0,1783,0,7017,nan
="250816-2-021-Q4",="B00DTM2DGK",="エド・インター 森のあそび箱 木のおもちゃ 型はめ パズル 806487",1,7824.0,1430,2365,7824,2,="",1.0,0.0,1675,0,6149,nan
="250816-2-022",="B07TGBX7CM",="NEC Speed Wi-Fi NEXT WX05 UQ版 ソニックレッド",1,3980.0,550,1129,3980,2,="",1.0,0.0,893,0,3087,nan
="250816-2-023",="B0142V7M5I",="I-O DATA スマホ タブレット DVD視聴/CD取込 Wi-Fiモデル iOS/Android/ 「DVDミレル」 土日サポート/DVRP-W8AI",1,9800.0,3300,5173,0,2,="",1.0,0.0,1327,0,8473,nan
="250816-2-024",="B001MI15WQ",="CG-SW08TXRX 8ポート 100M/10M スイッチングHUB",1,2200.0,550,943,0,2,="",1.0,0.0,707,0,1493,nan
